id,title,description,availability,condition,price,sale_price,link,image_link,brand
13751293986,포트메리온 보타닉 가든 프라이팬 웍 28CM,포트메리온 보타닉 가든 프라이팬 웍 28CM - 포트메리온 일반프라이팬 제품입니다.,in stock,new,90000 KRW,63000 KRW,https://mkt.shopping.naver.com/link/6aa0b0c642ac2e03d314d16c,https://shop1.phinf.naver.net/20260908_94/1788841858370sHhAL_JPEG/65244300503510074_1578544290.jpg,포트메리온
13751287171,포트메리온 보타닉 가든 보타닉 가든 프라이팬 20CM,포트메리온 보타닉 가든 보타닉 가든 프라이팬 20CM - 포트메리온 일반프라이팬 제품입니다.,in stock,new,64800 KRW,45360 KRW,https://mkt.shopping.naver.com/link/6aa0b0c68045e373d81cba40,https://shop1.phinf.naver.net/20260908_105/1788841518157ctthX_JPEG/34983084949455623_201238843.jpg,포트메리온
13750097734,포트메리온 보타닉 가든 프라이팬 소테팬 24CM (뚜껑포함),포트메리온 보타닉 가든 프라이팬 소테팬 24CM (뚜껑포함) - 포트메리온 일반프라이팬 제품입니다.,in stock,new,116100 KRW,81270 KRW,https://mkt.shopping.naver.com/link/6aa0b0c66c48fc7df4a0f14c,https://shop1.phinf.naver.net/20260907_219/1788768175826JQDtA_JPEG/4084728974353071_675151939.jpg,포트메리온
13749864071,포트메리온 보타닉가든 서빙 쟁반(대) 52cm 1p(BG),포트메리온 보타닉가든 서빙 쟁반(대) 52cm 1p(BG) - 포트메리온 쟁반 제품입니다.,in stock,new,44100 KRW,30870 KRW,https://mkt.shopping.naver.com/link/6aa0b0c6cc78491a7acb5caf,https://shop1.phinf.naver.net/20260907_165/1788755903193UfYws_JPEG/33341879925088460_739931845.jpg,포트메리온
13715001070,포트메리온 보타닉 가든 언더락잔 0.3L 4p(B세트),포트메리온 보타닉 가든 언더락잔 0.3L 4p(B세트) - 포트메리온 유리컵 제품입니다.,in stock,new,103600 KRW,41440 KRW,https://mkt.shopping.naver.com/link/6a9ca9517a192905d5e974eb,https://shop1.phinf.naver.net/20260810_105/1786328392305Q4KHb_JPEG/463804096610281_284553505.jpg,포트메리온
13697842329,포트메리온 샌드위치 쟁반HM 37cm 2p(BG),포트메리온 샌드위치 쟁반HM 37cm 2p(BG) - 포트메리온 쟁반 제품입니다.,in stock,new,34000 KRW,20400 KRW,https://mkt.shopping.naver.com/link/6a9ca950cc78491a7acb56bd,https://shop1.phinf.naver.net/20260804_281/1785824686698KVHvQ_JPEG/6016951823607275_693725248.jpg,포트메리온
13679925440,"포트메리온 보타닉 가든 키친툴 (뒤집개, 볶음스푼, 국자) 3P세트","포트메리온 보타닉 가든 키친툴 (뒤집개, 볶음스푼, 국자) 3P세트 - 포트메리온 조리도구세트 제품입니다.",in stock,new,128600 KRW,90020 KRW,https://mkt.shopping.naver.com/link/6a6f1f9d26a1f61dceb904b3,https://shop-phinf.pstatic.net/20260724_51/1784861416116CurAR_JPEG/106178753109536860_1881271796.jpg,포트메리온
13675215207,포트메리온 실리콘 뚜껑 4P 세트,포트메리온 실리콘 뚜껑 4P 세트 - 포트메리온 기타보관용기 제품입니다.,in stock,new,14400 KRW,12240 KRW,https://mkt.shopping.naver.com/link/6a6f1f9d26a1f61dceb904af,https://shop1.phinf.naver.net/20260721_183/1784622412437FS4iU_JPEG/4665383332157507_1402891657.jpg,포트메리온
13649118725,포트메리온 보타닉 가든 롱티스푼 22CM 1P #2,포트메리온 보타닉 가든 롱티스푼 22CM 1P #2 - 포트메리온 티스푼 제품입니다.,in stock,new,27000 KRW,20250 KRW,https://mkt.shopping.naver.com/link/6a6f1f9db030596f47810586,https://shop1.phinf.naver.net/20260702_146/1782980199461DiAFQ_JPEG/117113034601838441_1582308059.jpg,포트메리온
13647031643,[핫딜]포트메리온 뉴베리에이션 커피잔(T형) 0.2L 2인조,[핫딜]포트메리온 뉴베리에이션 커피잔(T형) 0.2L 2인조 - 포트메리온 찻잔 제품입니다.,in stock,new,106400 KRW,68090 KRW,https://mkt.shopping.naver.com/link/6a6f1f9d26a1f61dceb904b0,https://shop1.phinf.naver.net/20260630_16/1782799942068SlKyz_JPEG/21630184250657213_341580914.jpg,포트메리온
13646137479,[핫딜]포트메리온 뉴베리에이션 커피잔(T형) 0.2L 1인조,[핫딜]포트메리온 뉴베리에이션 커피잔(T형) 0.2L 1인조 - 포트메리온 찻잔 제품입니다.,in stock,new,53200 KRW,34040 KRW,https://mkt.shopping.naver.com/link/6a6f1f9d26a1f61dceb904b2,https://shop1.phinf.naver.net/20260630_141/1782799574879sa21p_JPEG/116932468010475027_462697184.jpg,포트메리온
13646048804,[핫딜]포트메리온 포모나 BF머그 0.26L 2p,[핫딜]포트메리온 포모나 BF머그 0.26L 2p - 포트메리온 머그 제품입니다.,in stock,new,82800 KRW,28980 KRW,https://mkt.shopping.naver.com/link/6a6f1f9db030596f47810587,https://shop1.phinf.naver.net/20260629_240/1782707961903Rw8S7_JPEG/116116171895229438_1245795695.jpg,포트메리온
13643653647,포트메리온 지알로 6인 홈세트 31p,포트메리온 지알로 6인 홈세트 31p - 포트메리온 홈세트 제품입니다.,in stock,new,1608200 KRW,804100 KRW,https://mkt.shopping.naver.com/link/6a6f1f9d26a1f61dceb904b1,https://shop1.phinf.naver.net/20260626_41/1782437502869uYx0z_JPEG/127347507670667145_1934183256.jpg,포트메리온
13643651454,포트메리온 지알로 4인 홈세트 17p,포트메리온 지알로 4인 홈세트 17p - 포트메리온 홈세트 제품입니다.,in stock,new,921600 KRW,460800 KRW,https://mkt.shopping.naver.com/link/6a6f1f9d071bd0208e356a54,https://shop1.phinf.naver.net/20260626_5/1782437214598OD6be_JPEG/129402515616046498_1353155406.jpg,포트메리온
13643648119,포트메리온 지알로 2인 홈세트 21p,포트메리온 지알로 2인 홈세트 21p - 포트메리온 홈세트 제품입니다.,in stock,new,1082190 KRW,541090 KRW,https://mkt.shopping.naver.com/link/6a6f1f9dc6480f0d46eea722,https://shop1.phinf.naver.net/20260626_79/1782436985181eSF2A_JPEG/116444705225660744_2086199646.jpg,포트메리온
13643637112,포트메리온 지알로 2인 홈세트 11p,포트메리온 지알로 2인 홈세트 11p - 포트메리온 홈세트 제품입니다.,in stock,new,534000 KRW,268860 KRW,https://mkt.shopping.naver.com/link/6a6f1f9d071bd0208e356a53,https://shop1.phinf.naver.net/20260626_238/1782435569454NWy8T_JPEG/3626984947408012_694519324.jpg,포트메리온
13643040420,포트메리온 보타닉 가든 샐러드볼 17cm 1p (D),포트메리온 보타닉 가든 샐러드볼 17cm 1p (D) - 포트메리온 면기 제품입니다.,in stock,new,86800 KRW,65100 KRW,https://mkt.shopping.naver.com/link/6a6f1f9d26a1f61dceb904b4,https://shop1.phinf.naver.net/20260625_26/1782375438779g4rD7_JPEG/18151031672707833_1957022828.jpg,포트메리온
13643021725,(핫딜)포트메리온 보타닉 가든 만다린머그 0.28L 1p (양쪽꽃),(핫딜)포트메리온 보타닉 가든 만다린머그 0.28L 1p (양쪽꽃) - 포트메리온 머그 제품입니다.,in stock,new,40600 KRW,20300 KRW,https://mkt.shopping.naver.com/link/6a6f1f9d14783f7893d1508d,https://shop1.phinf.naver.net/20260625_199/1782374232903JHqFX_JPEG/115782442893131209_443523777.jpg,포트메리온
13642916857,[단독/핫딜]포트메리온 보타닉 블루 머그 앤 받침 2인 세트,[단독/핫딜]포트메리온 보타닉 블루 머그 앤 받침 2인 세트 - 포트메리온 머그 제품입니다.,out of stock,new,60400 KRW,36240 KRW,https://mkt.shopping.naver.com/link/6a6f1f9d0f7dd04f9d81da70,https://shop1.phinf.naver.net/20260625_263/1782367688118utTYX_JPEG/116500523250524942_1962760200.jpg,포트메리온
13641113088,"포트메리온 보타닉 가든 라운드 미니볼 HM 10cm 4p (C,D)","포트메리온 보타닉 가든 라운드 미니볼 HM 10cm 4p (C,D) - 포트메리온 볼 제품입니다.",in stock,new,92000 KRW,69000 KRW,https://mkt.shopping.naver.com/link/6a6f1f9d14783f7893d1508c,https://shop1.phinf.naver.net/20260514_96/1778747861940hyAs9_JPEG/26032644756695013_153999751.jpg,포트메리온
13639954644,포트메리온 보타닉 가든 사각 냄비받침(콜크) 14.5CM 1p,포트메리온 보타닉 가든 사각 냄비받침(콜크) 14.5CM 1p - 포트메리온 냄비받침 제품입니다.,in stock,new,10000 KRW,8000 KRW,https://mkt.shopping.naver.com/link/6a6f1f9d071bd0208e356a55,https://shop1.phinf.naver.net/20260622_7/1782097258397U7rOj_JPEG/129945956288733430_1351307564.jpg,포트메리온
13638092685,"포트메리온 보타닉 가든 만다린머그 HM 0.28L 1p (C,D)","포트메리온 보타닉 가든 만다린머그 HM 0.28L 1p (C,D) - 포트메리온 머그 제품입니다.",in stock,new,42800 KRW,32100 KRW,https://mkt.shopping.naver.com/link/6a6f1f9e3fc0f74b5414b62e,https://shop1.phinf.naver.net/20260619_214/1781857946015oluek_JPEG/111219563558396584_911145359.jpg,포트메리온
13638036334,포트메리온 블루 이탈리안 머그 0.28L 2p,포트메리온 블루 이탈리안 머그 0.28L 2p - 포트메리온 머그 제품입니다.,in stock,new,77400 KRW,54180 KRW,https://mkt.shopping.naver.com/link/6a6f1f9d26a1f61dceb904b5,https://shop1.phinf.naver.net/20260619_125/1781854444618QypOz_JPEG/419515742379130_13894303.jpg,포트메리온
13638033071,포트메리온 보타닉 가든 스프접시(R형) 22cm 1p,포트메리온 보타닉 가든 스프접시(R형) 22cm 1p - 포트메리온 접시 제품입니다.,in stock,new,49000 KRW,36750 KRW,https://mkt.shopping.naver.com/link/6a6f1f9dda16a67bd50a8e9d,https://shop1.phinf.naver.net/20260619_168/1781853992109s1Mvu_JPEG/115986857239106762_256450550.jpg,포트메리온
13638025204,포트메리온 보타닉 가든 스프접시(R형) HM 22cm 1p,포트메리온 보타닉 가든 스프접시(R형) HM 22cm 1p - 포트메리온 접시 제품입니다.,in stock,new,49000 KRW,36750 KRW,https://mkt.shopping.naver.com/link/6a6f1f9dc6480f0d46eea723,https://shop1.phinf.naver.net/20260619_298/1781853350896bpcGf_JPEG/23929383844240789_308183862.jpg,포트메리온
13638006937,"포트메리온 보타닉 가든 스프접시(D형) 21cm 1p (A,B)","포트메리온 보타닉 가든 스프접시(D형) 21cm 1p (A,B) - 포트메리온 접시 제품입니다.",in stock,new,49000 KRW,36750 KRW,https://mkt.shopping.naver.com/link/6a6f1f9d3fc0f74b5414b62d,https://shop1.phinf.naver.net/20260619_252/1781851953171xXJyq_JPEG/59374630048271706_1209020426.jpg,포트메리온
13637808921,포트메리온 보타닉 가든 파스타볼(R형) 24cm 1p,포트메리온 보타닉 가든 파스타볼(R형) 24cm 1p - 포트메리온 볼 제품입니다.,in stock,new,49800 KRW,37350 KRW,https://mkt.shopping.naver.com/link/6a6f1f9eb030596f47810588,https://shop1.phinf.naver.net/20260619_137/1781837639904RPDbR_JPEG/115970434901561785_1068558933.jpg,포트메리온
13637195427,포트메리온 뉴베리에이션 로우머그 0.4L 2p,포트메리온 뉴베리에이션 로우머그 0.4L 2p - 포트메리온 머그 제품입니다.,in stock,new,82600 KRW,57820 KRW,https://mkt.shopping.naver.com/link/6a6f1f9e3fc0f74b5414b62f,https://shop1.phinf.naver.net/20260618_229/1781770475616IuxOF_JPEG/56167398054351027_1547807604.jpg,포트메리온
13637186635,포트메리온 베리에이션 로우머그 0.4L 2p,포트메리온 베리에이션 로우머그 0.4L 2p - 포트메리온 머그 제품입니다.,in stock,new,78200 KRW,54740 KRW,https://mkt.shopping.naver.com/link/6a6f1f9eb030596f47810589,https://shop1.phinf.naver.net/20260618_235/17817700033476UYDw_JPEG/36216416172434882_569795287.jpg,포트메리온
13637177341,"포트메리온 보타닉 가든 로우머그 0.4L 2p (C,E)","포트메리온 보타닉 가든 로우머그 0.4L 2p (C,E) - 포트메리온 머그 제품입니다.",in stock,new,78200 KRW,54740 KRW,https://mkt.shopping.naver.com/link/6a6f1f9ec6480f0d46eea724,https://shop1.phinf.naver.net/20260618_204/1781769500368oKxQ8_JPEG/67292272205038445_1200236389.jpg,포트메리온
13637170533,포트메리온 미네랄즈 머그 0.34L 2p,포트메리온 미네랄즈 머그 0.34L 2p - 포트메리온 머그 제품입니다.,in stock,new,127600 KRW,63800 KRW,https://mkt.shopping.naver.com/link/6a6f1f9e0f7dd04f9d81da71,https://shop1.phinf.naver.net/20260618_284/17817689284281D6BC_JPEG/20864747372027829_1290541704.jpg,포트메리온
13637160264,포트메리온 보타닉 가든 모노 머그 0.35L 2p,포트메리온 보타닉 가든 모노 머그 0.35L 2p - 포트메리온 머그 제품입니다.,out of stock,new,91800 KRW,68850 KRW,https://mkt.shopping.naver.com/link/6a9ca9517a192905d5e974ec,https://shop1.phinf.naver.net/20260618_7/1781768468078F6Q4h_JPEG/20864287017144974_1979860271.jpg,포트메리온
13629517219,포트메리온 보타닉 가든 한수저 받침대 8cm 4p,포트메리온 보타닉 가든 한수저 받침대 8cm 4p - 포트메리온 수저받침 제품입니다.,in stock,new,36000 KRW,23400 KRW,https://mkt.shopping.naver.com/link/6a6f1f9e26a1f61dceb904b6,https://shop1.phinf.naver.net/20260611_71/1781162880625AXh5w_JPEG/8916391127252774_1147190216.jpg,포트메리온
13629364400,[핫딜]포트메리온 트루 컬러 머그 0.35L 4p,[핫딜]포트메리온 트루 컬러 머그 0.35L 4p - 포트메리온 머그 제품입니다.,in stock,new,78400 KRW,33710 KRW,https://mkt.shopping.naver.com/link/6a6f1f9e26a1f61dceb904b7,https://shop1.phinf.naver.net/20260611_183/1781167158243QCwM0_JPEG/20848752061321727_1192362380.jpg,포트메리온
13628587495,포트메리온 보타닉 가든 원형 컵받침(콜크) 10.5CM 4p,포트메리온 보타닉 가든 원형 컵받침(콜크) 10.5CM 4p - 포트메리온 컵받침/홀더 제품입니다.,in stock,new,10000 KRW,8000 KRW,https://mkt.shopping.naver.com/link/6a6f1f9e14783f7893d1508e,https://shop1.phinf.naver.net/20260610_288/1781080105970rPzj0_JPEG/5364866674507868_800339111.jpg,포트메리온
13628583770,포트메리온 보타닉 가든 스프 & 샌드위치,포트메리온 보타닉 가든 스프 & 샌드위치 - 포트메리온 홈세트 제품입니다.,in stock,new,75000 KRW,56250 KRW,https://mkt.shopping.naver.com/link/6a6f1f9eda16a67bd50a8e9e,https://shop1.phinf.naver.net/20260610_3/17810797702965PSk9_JPEG/9086418334866093_764176448.jpg,포트메리온
13628582251,포트메리온 보타닉 가든 원형 냄비받침(콜크) 14.5CM 1p,포트메리온 보타닉 가든 원형 냄비받침(콜크) 14.5CM 1p - 포트메리온 냄비받침 제품입니다.,in stock,new,10000 KRW,8000 KRW,https://mkt.shopping.naver.com/link/6a6f1f9e77b14c40780d7857,https://shop1.phinf.naver.net/20260610_205/1781079480644DiPI9_JPEG/114487690622306712_502188343.jpg,포트메리온
13628524016,포트메리온 보타닉 가든 한수저 받침대 8cm 1p,포트메리온 보타닉 가든 한수저 받침대 8cm 1p - 포트메리온 수저받침 제품입니다.,in stock,new,9000 KRW,6750 KRW,https://mkt.shopping.naver.com/link/6a6f1f9e14783f7893d1508f,https://shop1.phinf.naver.net/20260610_207/1781076160348eqKUD_JPEG/58598837116381878_102092636.jpg,포트메리온
13628186986,포트메리온 보타닉 가든 에코백 TC,포트메리온 보타닉 가든 에코백 TC - 포트메리온 에코백 제품입니다.,in stock,new,48200 KRW,38560 KRW,https://mkt.shopping.naver.com/link/6a6f1f9eb030596f4781058a,https://shop1.phinf.naver.net/20260610_163/1781059247826mJWy0_JPEG/57520593634299808_1841384682.jpg,포트메리온
13628182342,포트메리온 보타닉 가든 에코백 T,포트메리온 보타닉 가든 에코백 T - 포트메리온 에코백 제품입니다.,in stock,new,45900 KRW,36720 KRW,https://mkt.shopping.naver.com/link/6a6f1f9ec6480f0d46eea725,https://shop1.phinf.naver.net/20260610_23/17810590780641jU7a_JPEG/47848626201713380_1900840180.jpg,포트메리온
13628180077,포트메리온 보타닉 가든 에코백 M,포트메리온 보타닉 가든 에코백 M - 포트메리온 에코백 제품입니다.,in stock,new,61000 KRW,48800 KRW,https://mkt.shopping.naver.com/link/6a6f1f9eb030596f4781058b,https://shop1.phinf.naver.net/20260610_6/17810588885526FtDd_JPEG/60452835662654865_1064445193.jpg,포트메리온
13628177130,포트메리온 보타닉 가든 에코백 NC,포트메리온 보타닉 가든 에코백 NC - 포트메리온 에코백 제품입니다.,in stock,new,53900 KRW,43120 KRW,https://mkt.shopping.naver.com/link/6a6f1f9e14783f7893d15090,https://shop1.phinf.naver.net/20260610_23/1781058717925RpwcS_JPEG/9065365964450672_2029599191.jpg,포트메리온
13628152122,포트메리온 보타닉 가든 에코백 N,포트메리온 보타닉 가든 에코백 N - 포트메리온 에코백 제품입니다.,in stock,new,51300 KRW,41040 KRW,https://mkt.shopping.naver.com/link/6a6f1f9e26a1f61dceb904b8,https://shop1.phinf.naver.net/20260610_123/1781056882608194dT_JPEG/114810081099525945_555841943.jpg,포트메리온
13628130893,포트메리온 보타닉 블루 에코백 T,포트메리온 보타닉 블루 에코백 T - 포트메리온 에코백 제품입니다.,in stock,new,46800 KRW,37440 KRW,https://mkt.shopping.naver.com/link/6a6f1f9e26a1f61dceb904b9,https://shop1.phinf.naver.net/20260610_181/1781055518455dPb7U_JPEG/15704254280521220_1876445094.jpg,포트메리온
13628122850,포트메리온 보타닉 블루 에코백 N,포트메리온 보타닉 블루 에코백 N - 포트메리온 에코백 제품입니다.,in stock,new,49200 KRW,39360 KRW,https://mkt.shopping.naver.com/link/6a6f1f9e0f7dd04f9d81da72,https://shop1.phinf.naver.net/20260610_244/17810549222207kEk8_JPEG/61254536131388346_1982839568.jpg,포트메리온
13627316304,포트메리온 보타닉 가든 오트밀(R형) HM 16cm 1p,포트메리온 보타닉 가든 오트밀(R형) HM 16cm 1p - 포트메리온 볼 제품입니다.,in stock,new,37000 KRW,27750 KRW,https://mkt.shopping.naver.com/link/6a6f1f9e14783f7893d15091,https://shop1.phinf.naver.net/20260609_230/17809892400469tAEw_JPEG/5274000758543173_252367258.jpg,포트메리온
13627220360,"포트메리온 보타닉 가든 오트밀(D형) 16cm 1p (C,D)","포트메리온 보타닉 가든 오트밀(D형) 16cm 1p (C,D) - 포트메리온 볼 제품입니다.",in stock,new,37000 KRW,27750 KRW,https://mkt.shopping.naver.com/link/6a6f1f9e77b14c40780d7858,https://shop1.phinf.naver.net/20260609_84/1780989191061kGldO_JPEG/5957007739202637_2079347278.jpg,포트메리온
13623641704,포트메리온 보타닉 가든 중접시(R형) 21cm 1p,포트메리온 보타닉 가든 중접시(R형) 21cm 1p - 포트메리온 접시 제품입니다.,in stock,new,44000 KRW,33000 KRW,https://mkt.shopping.naver.com/link/6a6f1f9e3fc0f74b5414b630,https://shop1.phinf.naver.net/20260605_1/1780648013750MkUbF_JPEG/3170043791155948_1161807204.jpg,포트메리온
13622588825,포트메리온 보타닉 가든 쿠프접시 16cm 1p,포트메리온 보타닉 가든 쿠프접시 16cm 1p - 포트메리온 접시 제품입니다.,in stock,new,28000 KRW,21000 KRW,https://mkt.shopping.naver.com/link/6a6f1f9ec6480f0d46eea727,https://shop1.phinf.naver.net/20260604_146/1780555714368jrydS_JPEG/5523531048992808_1273508426.jpg,포트메리온
13620789040,포트메리온 보타닉 가든 수저통 장미 29cm,포트메리온 보타닉 가든 수저통 장미 29cm - 포트메리온 수저통 제품입니다.,in stock,new,118000 KRW,88500 KRW,https://mkt.shopping.naver.com/link/6a6f1f9e14783f7893d15092,https://shop1.phinf.naver.net/20260602_23/1780384731367hwobp_JPEG/114517572597088744_1736736996.jpg,포트메리온
13620780760,포트메리온 보타닉 가든 수저통 사각 25cm,포트메리온 보타닉 가든 수저통 사각 25cm - 포트메리온 수저통 제품입니다.,in stock,new,106000 KRW,79500 KRW,https://mkt.shopping.naver.com/link/6a6f1f9ec6480f0d46eea726,https://shop1.phinf.naver.net/20260602_250/1780383702958qbr4m_JPEG/114516576093028004_524139857.jpg,포트메리온
13620694337,포트메리온 보타닉 가든 수저통&받침(대),포트메리온 보타닉 가든 수저통&받침(대) - 포트메리온 수저통 제품입니다.,in stock,new,49400 KRW,37050 KRW,https://mkt.shopping.naver.com/link/6a6f1f9eb030596f4781058c,https://shop1.phinf.naver.net/20260609_262/1780963965394AS4XE_JPEG/57425311103997117_495695840.jpg,포트메리온
13582024955,포트메리온 보타닉 가든 소접시(R형) 18cm 1p,포트메리온 보타닉 가든 소접시(R형) 18cm 1p - 포트메리온 접시 제품입니다.,in stock,new,36900 KRW,27670 KRW,https://mkt.shopping.naver.com/link/6a6f1f9ec6480f0d46eea728,https://shop1.phinf.naver.net/20260527_136/1779862946532BPN1K_JPEG/29200710681253201_1525544859.jpg,포트메리온
13581161523,포트메리온 보타닉 블루 오발 디쉬 32cm 1p,포트메리온 보타닉 블루 오발 디쉬 32cm 1p - 포트메리온 접시 제품입니다.,in stock,new,68200 KRW,47740 KRW,https://mkt.shopping.naver.com/link/6a6f1f9e0f7dd04f9d81da73,https://shop1.phinf.naver.net/20260527_106/1779847948682v8WoJ_JPEG/29459481195128172_1812491836.jpg,포트메리온
13562736789,포트메리온 보타닉 블루 티폿 0.85L,포트메리온 보타닉 블루 티폿 0.85L - 포트메리온 티포트 제품입니다.,in stock,new,70200 KRW,49140 KRW,https://mkt.shopping.naver.com/link/6a6f1f9e26a1f61dceb904ba,https://shop1.phinf.naver.net/20260617_94/1781682321670r27jr_JPEG/56079244098390911_2075214462.jpg,포트메리온
13562559720,포트메리온 보타닉 블루 티포원 0.35L,포트메리온 보타닉 블루 티포원 0.35L - 포트메리온 티포트 제품입니다.,in stock,new,63600 KRW,44520 KRW,https://mkt.shopping.naver.com/link/6a6f1f9e14783f7893d15093,https://shop1.phinf.naver.net/20240919_178/1726725275700VkYAh_JPEG/17078693736960350_2002182098.jpg,포트메리온
13553657288,포트메리온 아트리움 4인 홈세트 23p,포트메리온 아트리움 4인 홈세트 23p - 포트메리온 홈세트 제품입니다.,in stock,new,1075300 KRW,645180 KRW,https://mkt.shopping.naver.com/link/6a6f1f9ec6480f0d46eea729,https://shop1.phinf.naver.net/20260520_89/1779253738154fMlvD_JPEG/3538498870764090_905088169.jpg,포트메리온
13553632983,포트메리온 아트리움 4인 홈세트 19p,포트메리온 아트리움 4인 홈세트 19p - 포트메리온 홈세트 제품입니다.,in stock,new,881700 KRW,529020 KRW,https://mkt.shopping.naver.com/link/6a6f1f9e14783f7893d15094,https://shop1.phinf.naver.net/20260520_176/1779253444517HLWOE_JPEG/113386376790058219_1450105603.jpg,포트메리온
13553574308,포트메리온 아트리움 2인 홈세트 14p,포트메리온 아트리움 2인 홈세트 14p - 포트메리온 홈세트 제품입니다.,in stock,new,630200 KRW,317300 KRW,https://mkt.shopping.naver.com/link/6a6f1f9e071bd0208e356a56,https://shop1.phinf.naver.net/20260520_53/1779252922951dCAfq_JPEG/10267541533039596_1762809112.jpg,포트메리온
13553079624,포트메리온 아트리움 2인 홈세트 13p,포트메리온 아트리움 2인 홈세트 13p - 포트메리온 홈세트 제품입니다.,in stock,new,587700 KRW,352620 KRW,https://mkt.shopping.naver.com/link/6a6f1f9e77b14c40780d785a,https://shop1.phinf.naver.net/20260520_33/1779243430511D9uso_JPEG/56224276648403375_23567036.jpg,포트메리온
13553008998,포트메리온 보타닉 가든 체리블라썸 접시 28cm 1p,포트메리온 보타닉 가든 체리블라썸 접시 28cm 1p - 포트메리온 접시 제품입니다.,in stock,new,82600 KRW,61950 KRW,https://mkt.shopping.naver.com/link/6a6f1f9e77b14c40780d7859,https://shop1.phinf.naver.net/20260521_19/1779338635912cMKEn_JPEG/113471448982495752_1939037026.jpg,포트메리온
13552885101,포트메리온 보타닉 가든 체리블라썸 접시 22cm 1p,포트메리온 보타닉 가든 체리블라썸 접시 22cm 1p - 포트메리온 접시 제품입니다.,in stock,new,46600 KRW,34950 KRW,https://mkt.shopping.naver.com/link/6a6f1f9e3fc0f74b5414b632,https://shop1.phinf.naver.net/20260521_261/17793385227993EE50_JPEG/48454404910880939_751256889.jpg,포트메리온
13552820094,포트메리온 보타닉 가든 체리블라썸 파스타볼 23cm 1p,포트메리온 보타닉 가든 체리블라썸 파스타볼 23cm 1p - 포트메리온 볼 제품입니다.,in stock,new,77100 KRW,57820 KRW,https://mkt.shopping.naver.com/link/6a6f1f9e26a1f61dceb904bb,https://shop1.phinf.naver.net/20260521_127/17793390104935gEfj_JPEG/3623771208734537_1830235038.jpg,포트메리온
13552757603,포트메리온 보타닉 가든 체리블라썸 볼 16cm 1p,포트메리온 보타닉 가든 체리블라썸 볼 16cm 1p - 포트메리온 볼 제품입니다.,in stock,new,60700 KRW,45520 KRW,https://mkt.shopping.naver.com/link/6a6f1f9eb030596f4781058d,https://shop1.phinf.naver.net/20260521_47/177933904857855pDz_JPEG/32051931730939415_258104128.jpg,포트메리온
13552666112,포트메리온 보타닉 가든 체리블라썸 머그 0.4L 1p,포트메리온 보타닉 가든 체리블라썸 머그 0.4L 1p - 포트메리온 머그 제품입니다.,in stock,new,47200 KRW,35400 KRW,https://mkt.shopping.naver.com/link/6a6f1f9ec6480f0d46eea72a,https://shop1.phinf.naver.net/20260520_96/1779238022342kyCEM_JPEG/2994461162728943_795335277.jpg,포트메리온
13548699861,포트메리온 보타닉 가든 딥볼 겸 티라이트 홀더 8cm 2p,포트메리온 보타닉 가든 딥볼 겸 티라이트 홀더 8cm 2p - 포트메리온 소스기 제품입니다.,in stock,new,28000 KRW,21000 KRW,https://mkt.shopping.naver.com/link/6a6f1f9eb030596f4781058e,https://shop1.phinf.naver.net/20260519_145/1779165484727IpDMn_JPEG/28777017233122306_1957868292.jpg,포트메리온
13543857570,포트메리온 보타닉 블루 머그 0.35L 2p,포트메리온 보타닉 블루 머그 0.35L 2p - 포트메리온 머그 제품입니다.,in stock,new,48000 KRW,31200 KRW,https://mkt.shopping.naver.com/link/6a6f1f9e3fc0f74b5414b631,https://shop1.phinf.naver.net/20260612_171/1781250192660qx61u_JPEG/5098846634684681_2076072816.jpg,포트메리온
13532571835,포트메리온 웨스털리 4인 홈세트 22p,포트메리온 웨스털리 4인 홈세트 22p - 포트메리온 홈세트 제품입니다.,in stock,new,1117900 KRW,670740 KRW,https://mkt.shopping.naver.com/link/6a6f1f9e071bd0208e356a57,https://shop1.phinf.naver.net/20260515_156/1778832193161iAgA4_JPEG/41820424304761175_855439173.jpg,포트메리온
13532550407,포트메리온 웨스털리 4인 홈세트 16p,포트메리온 웨스털리 4인 홈세트 16p - 포트메리온 홈세트 제품입니다.,in stock,new,783700 KRW,470220 KRW,https://mkt.shopping.naver.com/link/6a6f1f9eda16a67bd50a8e9f,https://shop1.phinf.naver.net/20260515_62/1778831925556jes2t_JPEG/24973588698887576_1306595827.jpg,포트메리온
13532527876,포트메리온 웨스털리 2인 홈세트 12p,포트메리온 웨스털리 2인 홈세트 12p - 포트메리온 홈세트 제품입니다.,in stock,new,601700 KRW,361020 KRW,https://mkt.shopping.naver.com/link/6a6f1f9ec6480f0d46eea72c,https://shop1.phinf.naver.net/20260515_250/1778831549392Vozc9_JPEG/112964420528436439_1231840235.jpg,포트메리온
13532501934,포트메리온 웨스털리 2인 홈세트 10p,포트메리온 웨스털리 2인 홈세트 10p - 포트메리온 홈세트 제품입니다.,in stock,new,464400 KRW,278640 KRW,https://mkt.shopping.naver.com/link/6a6f1f9e14783f7893d15095,https://shop1.phinf.naver.net/20260515_268/1778831202088IYENo_JPEG/28501176169711576_24250205.jpg,포트메리온
13532388388,포트메리온 웨스털리 4인 홈세트 17p,포트메리온 웨스털리 4인 홈세트 17p - 포트메리온 홈세트 제품입니다.,in stock,new,836100 KRW,501660 KRW,https://mkt.shopping.naver.com/link/6a6f1f9e77b14c40780d785b,https://shop1.phinf.naver.net/20260515_279/1778829388134RFsTW_JPEG/2310913564005150_1809613335.jpg,포트메리온
13532336404,포트메리온 웨스털리 티타임 4인 세트 14p,포트메리온 웨스털리 티타임 4인 세트 14p - 포트메리온 홈세트 제품입니다.,in stock,new,569900 KRW,341940 KRW,https://mkt.shopping.naver.com/link/6a6f1f9e3fc0f74b5414b634,https://shop1.phinf.naver.net/20260515_204/17788279701846x9RL_JPEG/16979507729201741_1138609217.jpg,포트메리온
13527771410,"포트메리온 보타닉 가든 라운드 미니볼 HM 10cm 1p (A,B)","포트메리온 보타닉 가든 라운드 미니볼 HM 10cm 1p (A,B) - 포트메리온 볼 제품입니다.",in stock,new,23000 KRW,17250 KRW,https://mkt.shopping.naver.com/link/6a6f1f9e26a1f61dceb904bd,https://shop1.phinf.naver.net/20260514_63/1778746639191i27Lo_JPEG/30954433071939962_1378485157.jpg,포트메리온
13527536439,포트메리온 보타닉 가든 딥사각 25cm 1p,포트메리온 보타닉 가든 딥사각 25cm 1p - 포트메리온 접시 제품입니다.,in stock,new,102000 KRW,76500 KRW,https://mkt.shopping.naver.com/link/6a6f1f9e26a1f61dceb904bc,https://shop1.phinf.naver.net/20260514_152/17787422596173msDB_JPEG/112875098739366427_371140923.jpg,포트메리온
13527395629,(한정수량)포트메리온 보타닉 가든 뉴소금후추 7cm 2p 세트,(한정수량)포트메리온 보타닉 가든 뉴소금후추 7cm 2p 세트 - 포트메리온 양념통/설탕프림기 제품입니다.,in stock,new,70200 KRW,28080 KRW,https://mkt.shopping.naver.com/link/6a6f1f9e3fc0f74b5414b633,https://shop1.phinf.naver.net/20260514_42/1778737326389OLSH5_JPEG/112870165528437905_1855634836.jpg,포트메리온
13514259252,포트메리온 보타닉 로즈 커피잔(T형) 0.2L 1인조,포트메리온 보타닉 로즈 커피잔(T형) 0.2L 1인조 - 포트메리온 찻잔 제품입니다.,in stock,new,52100 KRW,32820 KRW,https://mkt.shopping.naver.com/link/6a6f1f9ec6480f0d46eea72b,https://shop1.phinf.naver.net/20260511_268/1778488304815ypBIv_JPEG/10644647959589958_205669697.jpg,포트메리온
13513868649,포트메리온 보타닉 가든 초승달접시 23cm 1p,포트메리온 보타닉 가든 초승달접시 23cm 1p - 포트메리온 접시 제품입니다.,in stock,new,33000 KRW,24750 KRW,https://mkt.shopping.naver.com/link/6a6f1f9e77b14c40780d785c,https://shop1.phinf.naver.net/20260511_261/1778481918666CmPtU_JPEG/30689712538336890_1294871076.jpg,포트메리온
13513702746,포트메리온 보타닉 가든 카나페디쉬 16cm 4p,포트메리온 보타닉 가든 카나페디쉬 16cm 4p - 포트메리온 접시 제품입니다.,in stock,new,148000 KRW,111000 KRW,https://mkt.shopping.naver.com/link/6a6f1f9e26a1f61dceb904be,https://shop1.phinf.naver.net/20260511_227/1778479307802QYPt9_JPEG/10181330684698822_2133728113.jpg,포트메리온
13513642093,포트메리온 보타닉 가든 매트(대) HM형 40cm 4p(D),포트메리온 보타닉 가든 매트(대) HM형 40cm 4p(D) - 포트메리온 식탁매트 제품입니다.,in stock,new,73200 KRW,54900 KRW,https://mkt.shopping.naver.com/link/6a6f1f9e14783f7893d15097,https://shop1.phinf.naver.net/20260511_37/1778477942173nDfnK_JPEG/80421955932092078_35540303.jpg,포트메리온
13513474375,포트메리온 보타닉 가든 원 삼절 HM 24cm 1p,포트메리온 보타닉 가든 원 삼절 HM 24cm 1p - 포트메리온 접시 제품입니다.,in stock,new,97000 KRW,72750 KRW,https://mkt.shopping.naver.com/link/6a6f1f9e0f7dd04f9d81da74,https://shop1.phinf.naver.net/20260511_191/1778475838915kws6I_JPEG/27232110061671863_1011132876.jpg,포트메리온
13498845754,포트메리온 보타닉 가든 한수저 – 숟가락 1p #2,포트메리온 보타닉 가든 한수저 – 숟가락 1p #2 - 포트메리온 수저 제품입니다.,in stock,new,39000 KRW,29250 KRW,https://mkt.shopping.naver.com/link/6a6f1f9e3fc0f74b5414b635,https://shop1.phinf.naver.net/20260507_200/1778124100060w7lRH_JPEG/112256963177681431_1424579288.jpg,포트메리온
13471345675,포트메리온 보타닉 로즈 2인 양식세트 5p,포트메리온 보타닉 로즈 2인 양식세트 5p - 포트메리온 홈세트 제품입니다.,in stock,new,209200 KRW,125520 KRW,https://mkt.shopping.naver.com/link/6a6f1f9ec6480f0d46eea72e,https://shop1.phinf.naver.net/20260430_251/1777517120934JOPnC_JPEG/27187095026789426_1202963633.jpg,포트메리온
13471331681,포트메리온 보타닉 로즈 2인 홈세트 8p,포트메리온 보타닉 로즈 2인 홈세트 8p - 포트메리온 홈세트 제품입니다.,in stock,new,348300 KRW,208980 KRW,https://mkt.shopping.naver.com/link/6a6f1f9e14783f7893d15096,https://shop1.phinf.naver.net/20260430_161/177751689636860vFe_JPEG/7517349475626820_1917100157.jpg,포트메리온
13471316225,포트메리온 보타닉 로즈 4인 홈세트 15p,포트메리온 보타닉 로즈 4인 홈세트 15p - 포트메리온 홈세트 제품입니다.,in stock,new,646300 KRW,387780 KRW,https://mkt.shopping.naver.com/link/6a6f1f9e071bd0208e356a58,https://shop1.phinf.naver.net/20260430_291/1777516590751uNyxa_JPEG/111649391866038835_1041839567.jpg,포트메리온
13471285590,"포트메리온 보타닉 로즈 스타터 2인 세트(공기,대접)","포트메리온 보타닉 로즈 스타터 2인 세트(공기,대접) - 포트메리온 공기대접세트 제품입니다.",in stock,new,184200 KRW,110520 KRW,https://mkt.shopping.naver.com/link/6a6f1f9ec6480f0d46eea72d,https://shop1.phinf.naver.net/20260430_8/17775155289247g6wq_JPEG/111648392017569102_932306566.jpg,포트메리온
13442673750,포트메리온 보타닉 로즈 에스프레소 0.1L 1인조,포트메리온 보타닉 로즈 에스프레소 0.1L 1인조 - 포트메리온 찻잔 제품입니다.,in stock,new,45000 KRW,28350 KRW,https://mkt.shopping.naver.com/link/6a6f1f9f77b14c40780d785d,https://shop1.phinf.naver.net/20260423_186/1776933180992nNicA_JPEG/59011373461664465_1038808916.jpg,포트메리온
13442628235,포트메리온 보타닉 로즈 샐러드볼 20cm 1p,포트메리온 보타닉 로즈 샐러드볼 20cm 1p - 포트메리온 볼 제품입니다.,in stock,new,95600 KRW,60220 KRW,https://mkt.shopping.naver.com/link/6a6f1f9f14783f7893d15098,https://shop1.phinf.naver.net/20260423_211/1776932575618W4e7u_JPEG/760554752328370_1613479052.jpg,포트메리온
13442597881,포트메리온 보타닉 로즈 스태퍼드셔(소) 0.3L 1p,포트메리온 보타닉 로즈 스태퍼드셔(소) 0.3L 1p - 포트메리온 스팀피쳐/밀크저그 제품입니다.,in stock,new,57200 KRW,36030 KRW,https://mkt.shopping.naver.com/link/6a6f1f9f77b14c40780d785e,https://shop1.phinf.naver.net/20260423_209/1776932129822Vi13s_JPEG/59010322295527010_1376828689.jpg,포트메리온
13442553760,포트메리온 보타닉 로즈 2단 케익 (D) 25cm,포트메리온 보타닉 로즈 2단 케익 (D) 25cm - 포트메리온 접시 제품입니다.,in stock,new,167200 KRW,105330 KRW,https://mkt.shopping.naver.com/link/6a6f1f9f071bd0208e356a59,https://shop1.phinf.naver.net/20260608_25/1780906487757QpPsP_JPEG/94003396769254335_1629933370.jpg,포트메리온
13442513362,포트메리온 보타닉 로즈 벨머그 0.28L 2p,포트메리온 보타닉 로즈 벨머그 0.28L 2p - 포트메리온 머그 제품입니다.,in stock,new,83400 KRW,44200 KRW,https://mkt.shopping.naver.com/link/6a6f1f9f071bd0208e356a5a,https://shop1.phinf.naver.net/20260615_204/1781508764355ySkF9_JPEG/36062293118453736_370705573.jpg,포트메리온
13437278085,"포트메리온 보타닉 가든 BF머그 0.26L 1p(E,F)","포트메리온 보타닉 가든 BF머그 0.26L 1p(E,F) - 포트메리온 머그 제품입니다.",in stock,new,41400 KRW,31050 KRW,https://mkt.shopping.naver.com/link/6a6f1f9fc6480f0d46eea72f,https://shop1.phinf.naver.net/20260422_92/1776844344692oQzJK_JPEG/26414557149724428_186636239.jpg,포트메리온
13431905042,포트메리온 보타닉 가든 브레드접시(R형) 16cm 1p,포트메리온 보타닉 가든 브레드접시(R형) 16cm 1p - 포트메리온 접시 제품입니다.,in stock,new,34900 KRW,26170 KRW,https://mkt.shopping.naver.com/link/6a6f1f9f14783f7893d1509a,https://shop1.phinf.naver.net/20260421_210/17767566379835jTmb_JPEG/53735375024541489_1347153074.jpg,포트메리온
13413776296,포트메리온 보타닉 가든 로우볼(S형) 22cm 1p,포트메리온 보타닉 가든 로우볼(S형) 22cm 1p - 포트메리온 볼 제품입니다.,in stock,new,46500 KRW,34870 KRW,https://mkt.shopping.naver.com/link/6a6f1f9fda16a67bd50a8ea0,https://shop1.phinf.naver.net/20260417_222/17764135759080RDkn_JPEG/110546409404300136_253414670.jpg,포트메리온
13413728229,"포트메리온 보타닉 가든 로우볼 14cm 1p (D,E)","포트메리온 보타닉 가든 로우볼 14cm 1p (D,E) - 포트메리온 볼 제품입니다.",in stock,new,34900 KRW,26170 KRW,https://mkt.shopping.naver.com/link/6a6f1f9f77b14c40780d7860,https://shop1.phinf.naver.net/20260417_14/1776412601705MMQ6f_JPEG/812215532935835_205946963.jpg,포트메리온
13413180735,포트메리온 보타닉 가든 뉴볼 17cm 1p,포트메리온 보타닉 가든 뉴볼 17cm 1p - 포트메리온 볼 제품입니다.,in stock,new,37200 KRW,27900 KRW,https://mkt.shopping.naver.com/link/6a6f1f9f14783f7893d15099,https://shop1.phinf.naver.net/20260417_196/1776404501102uuCTa_JPEG/56317310976625084_1037660819.jpg,포트메리온
13413065801,"포트메리온 보타닉 가든 뉴볼 17cm 1p (C,D)","포트메리온 보타닉 가든 뉴볼 17cm 1p (C,D) - 포트메리온 볼 제품입니다.",in stock,new,37200 KRW,27900 KRW,https://mkt.shopping.naver.com/link/6a6f1f9f77b14c40780d785f,https://shop1.phinf.naver.net/20260417_224/1776403181016AY3Uk_JPEG/19417758847844407_2012202803.jpg,포트메리온
13412556597,"포트메리온 보타닉 가든 뉴볼 13cm 1p (B,C)","포트메리온 보타닉 가든 뉴볼 13cm 1p (B,C) - 포트메리온 볼 제품입니다.",in stock,new,34300 KRW,25720 KRW,https://mkt.shopping.naver.com/link/6a6f1f9fc6480f0d46eea730,https://shop1.phinf.naver.net/20260417_110/1776395050315wC0xE_JPEG/1434271317798047_994120735.jpg,포트메리온
13408880454,"포트메리온 보타닉 가든 대접 14cm 1p (E,F)","포트메리온 보타닉 가든 대접 14cm 1p (E,F) - 포트메리온 대접 제품입니다.",in stock,new,48700 KRW,36520 KRW,https://mkt.shopping.naver.com/link/6a6f1f9fda16a67bd50a8ea1,https://shop1.phinf.naver.net/20260416_13/1776325888649gP11a_JPEG/2604697441228020_1618357246.jpg,포트메리온
13403640639,"포트메리온 보타닉 가든 공기 12cm 1p (C,D,E,F)","포트메리온 보타닉 가든 공기 12cm 1p (C,D,E,F) - 포트메리온 공기 제품입니다.",in stock,new,43400 KRW,32550 KRW,https://mkt.shopping.naver.com/link/6a6f1f9f26a1f61dceb904bf,https://shop1.phinf.naver.net/20260415_300/17762415824806XD0e_JPEG/34619678774240256_2005374776.jpg,포트메리온
13402326329,"포트메리온 보타닉 가든 벨머그 0.28L 1p(E,F)","포트메리온 보타닉 가든 벨머그 0.28L 1p(E,F) - 포트메리온 머그 제품입니다.",in stock,new,41700 KRW,31270 KRW,https://mkt.shopping.naver.com/link/6a6f1f9fda16a67bd50a8ea2,https://shop1.phinf.naver.net/20260415_97/1776223121040BujDl_JPEG/68948239329409426_459367204.jpg,포트메리온
13402237710,"포트메리온 보타닉 가든 벨머그 0.28L 1p(C,D)","포트메리온 보타닉 가든 벨머그 0.28L 1p(C,D) - 포트메리온 머그 제품입니다.",in stock,new,41700 KRW,31270 KRW,https://mkt.shopping.naver.com/link/6a6f1f9fc6480f0d46eea731,https://shop1.phinf.naver.net/20260415_285/1776220662636DQLQx_JPEG/56258133771192993_1232971844.jpg,포트메리온
13398338805,포트메리온 보타닉 가든 타원스테이크(대) 37cm 1p,포트메리온 보타닉 가든 타원스테이크(대) 37cm 1p - 포트메리온 접시 제품입니다.,in stock,new,109000 KRW,81750 KRW,https://mkt.shopping.naver.com/link/6a6f1f9f14783f7893d1509d,https://shop1.phinf.naver.net/20260414_157/1776153925359gAQ0o_JPEG/59769300349922818_958319635.jpg,포트메리온
13398279496,포트메리온 보타닉 가든 타원스테이크(중) 32cm 1p,포트메리온 보타닉 가든 타원스테이크(중) 32cm 1p - 포트메리온 접시 제품입니다.,in stock,new,83000 KRW,62250 KRW,https://mkt.shopping.naver.com/link/6a6f1f9f77b14c40780d7861,https://shop1.phinf.naver.net/20260414_100/17761533989361CNth_JPEG/122871718336346566_234787740.jpg,포트메리온
13381978905,포트메리온 보타닉 가든 NBG 티스푼 15cm 4p A세트 #2,포트메리온 보타닉 가든 NBG 티스푼 15cm 4p A세트 #2 - 포트메리온 티스푼/티포크세트 제품입니다.,in stock,new,96000 KRW,72000 KRW,https://mkt.shopping.naver.com/link/6a6f1f9f14783f7893d1509b,https://shop1.phinf.naver.net/20260410_251/1775810275552G3rwH_JPEG/25389431452476652_2100781518.jpg,포트메리온
13381877315,포트메리온 보타닉 가든 NBG 디저트포크 15cm 4p #2,포트메리온 보타닉 가든 NBG 디저트포크 15cm 4p #2 - 포트메리온 티스푼/티포크세트 제품입니다.,in stock,new,96000 KRW,72000 KRW,https://mkt.shopping.naver.com/link/6a6f1f9fc6480f0d46eea732,https://shop1.phinf.naver.net/20260410_69/17758068830472MRa3_JPEG/52209325167427075_718654871.jpg,포트메리온
13381245881,포트메리온 보타닉 가든 BF커피잔(T형) 0.28L 1인조,포트메리온 보타닉 가든 BF커피잔(T형) 0.28L 1인조 - 포트메리온 찻잔 제품입니다.,in stock,new,61100 KRW,45820 KRW,https://mkt.shopping.naver.com/link/6a6f1f9f14783f7893d1509c,https://shop1.phinf.naver.net/20260410_106/1775799888494qE05F_JPEG/7501911380511821_1112706497.jpg,포트메리온
13376477533,포트메리온 보타닉 가든 2절안주(소) 29cm 1p,포트메리온 보타닉 가든 2절안주(소) 29cm 1p - 포트메리온 접시 제품입니다.,in stock,new,90000 KRW,67500 KRW,https://mkt.shopping.naver.com/link/6a6f1feb77b14c40780d7863,https://shop1.phinf.naver.net/20260409_124/1775719455820sl893_JPEG/29314367968935351_1513009228.jpg,포트메리온
13376180585,포트메리온 보타닉 가든 2절안주(대) 37cm 1p,포트메리온 보타닉 가든 2절안주(대) 37cm 1p - 포트메리온 접시 제품입니다.,in stock,new,191400 KRW,143550 KRW,https://mkt.shopping.naver.com/link/6a6f1feb26a1f61dceb904c0,https://shop1.phinf.naver.net/20260409_219/1775713670571QxMPr_JPEG/109846597701639584_698375567.jpg,포트메리온
13365778881,포트메리온 보타닉 가든 레미킨 HM 8cm 4p,포트메리온 보타닉 가든 레미킨 HM 8cm 4p - 포트메리온 볼 제품입니다.,in stock,new,88000 KRW,66000 KRW,https://mkt.shopping.naver.com/link/6a6f1feb77b14c40780d7862,https://shop1.phinf.naver.net/20260410_83/17758098707331Em5n_JPEG/55847341840000943_1940920123.jpg,포트메리온
13365751559,포트메리온 보타닉 가든 레미킨 HM 8cm 1p,포트메리온 보타닉 가든 레미킨 HM 8cm 1p - 포트메리온 볼 제품입니다.,in stock,new,22000 KRW,16500 KRW,https://mkt.shopping.naver.com/link/6a6f1febb030596f4781058f,https://shop1.phinf.naver.net/20260410_117/17758099558410hBi9_JPEG/122528275242110248_1901463900.jpg,포트메리온
13365479547,"포트메리온 보타닉 가든 딥파스타볼 20cm 1p (A,B,C)","포트메리온 보타닉 가든 딥파스타볼 20cm 1p (A,B,C) - 포트메리온 볼 제품입니다.",in stock,new,61200 KRW,45900 KRW,https://mkt.shopping.naver.com/link/6a6f1feb0f7dd04f9d81da75,https://shop1.phinf.naver.net/20260407_84/1775545484554JxS5x_JPEG/24874293702376210_260792323.jpg,포트메리온
13364869166,포트메리온 보타닉 가든 뉴트린켓트레이 18cm 1p,포트메리온 보타닉 가든 뉴트린켓트레이 18cm 1p - 포트메리온 접시 제품입니다.,in stock,new,72000 KRW,54000 KRW,https://mkt.shopping.naver.com/link/6a6f1febb030596f47810590,https://shop1.phinf.naver.net/20260407_104/1775532023982kipwB_JPEG/122250343399529246_1124770990.jpg,포트메리온
13364478995,포트메리온 보타닉 가든 파스타볼 22cm 1p,포트메리온 보타닉 가든 파스타볼 22cm 1p - 포트메리온 볼 제품입니다.,in stock,new,47700 KRW,35770 KRW,https://mkt.shopping.naver.com/link/6a6f1feb14783f7893d1509e,https://shop1.phinf.naver.net/20260407_196/17755303930360OR05_JPEG/16677122738177735_1128802662.jpg,포트메리온
13360424411,포트메리온 보타닉 가든 과도(중) 21cm 1p,포트메리온 보타닉 가든 과도(중) 21cm 1p - 포트메리온 칼 제품입니다.,in stock,new,70200 KRW,52650 KRW,https://mkt.shopping.naver.com/link/6a6f1feb3fc0f74b5414b637,https://shop1.phinf.naver.net/20260406_7/1775458254285sXiFL_JPEG/16604983995944243_17321902.jpg,포트메리온
13327325047,포트메리온 소피 콘란 라운드 로스팅 디쉬 28cm 1p,포트메리온 소피 콘란 라운드 로스팅 디쉬 28cm 1p - 포트메리온 접시 제품입니다.,in stock,new,53000 KRW,31800 KRW,https://mkt.shopping.naver.com/link/6a6f1feb3fc0f74b5414b636,https://shop1.phinf.naver.net/20260330_82/17748603550167Hz6T_JPEG/47834707873659391_2062361279.jpg,포트메리온
13327309638,포트메리온 소피 콘란 디너 플레이트 28cm 1p,포트메리온 소피 콘란 디너 플레이트 28cm 1p - 포트메리온 접시 제품입니다.,in stock,new,34500 KRW,20700 KRW,https://mkt.shopping.naver.com/link/6a6f1febc6480f0d46eea733,https://shop1.phinf.naver.net/20260319_106/1773889336719eKjP4_JPEG/55588903416426953_960134742.jpg,포트메리온
13327254575,포트메리온 소피 콘란 오발 플레이트(중) 37.5cm 1p,포트메리온 소피 콘란 오발 플레이트(중) 37.5cm 1p - 포트메리온 접시 제품입니다.,in stock,new,81000 KRW,48600 KRW,https://mkt.shopping.naver.com/link/6a6f1fec77b14c40780d7864,https://shop1.phinf.naver.net/20260330_37/1774859096779nSUhu_JPEG/55954502674240015_1067466068.jpg,포트메리온
13326912494,포트메리온 소피 콘란 크리머 0.28L 1p,포트메리온 소피 콘란 크리머 0.28L 1p - 포트메리온 스팀피쳐/밀크저그 제품입니다.,in stock,new,23100 KRW,13860 KRW,https://mkt.shopping.naver.com/link/6a6f1fec26a1f61dceb904c1,https://shop1.phinf.naver.net/20260330_271/1774854973487gAoOF_JPEG/940366621317474_635864671.jpg,포트메리온
13313717832,포트메리온 소피 콘란 머그 0.35L 1p,포트메리온 소피 콘란 머그 0.35L 1p - 포트메리온 머그 제품입니다.,in stock,new,25700 KRW,15420 KRW,https://mkt.shopping.naver.com/link/6a6f1fec0f7dd04f9d81da76,https://shop1.phinf.naver.net/20260327_55/1774595336705KQniW_JPEG/1514000584863388_141724891.jpg,포트메리온
13313380745,포트메리온 소피 콘란 머그 0.35L 1p 화이트,포트메리온 소피 콘란 머그 0.35L 1p 화이트 - 포트메리온 머그 제품입니다.,in stock,new,23300 KRW,13980 KRW,https://mkt.shopping.naver.com/link/6a6f1fecc6480f0d46eea734,https://shop1.phinf.naver.net/20260319_206/1773889402579SicWu_JPEG/37556531712172875_1921033097.jpg,포트메리온
13302549339,포트메리온 소피 콘란 플레이트 23cm 1p,포트메리온 소피 콘란 플레이트 23cm 1p - 포트메리온 접시 제품입니다.,in stock,new,24600 KRW,14760 KRW,https://mkt.shopping.naver.com/link/6a6f1fecb030596f47810591,https://shop1.phinf.naver.net/20260325_110/17744086860858DOLo_JPEG/108541506243846001_163772615.jpg,포트메리온
13298448524,포트메리온 소피 콘란 페슬 앤 모터 13.5cm,포트메리온 소피 콘란 페슬 앤 모터 13.5cm - 포트메리온 절구 제품입니다.,in stock,new,34100 KRW,20460 KRW,https://mkt.shopping.naver.com/link/6a6f1fec3fc0f74b5414b638,https://shop1.phinf.naver.net/20260324_296/1774341548643hr5tB_JPEG/108474325804202008_1209872700.jpg,포트메리온
13298252964,포트메리온 소피 콘란 티포원 0.34L,포트메리온 소피 콘란 티포원 0.34L - 포트메리온 티포트 제품입니다.,in stock,new,79000 KRW,47400 KRW,https://mkt.shopping.naver.com/link/6a6f1fec0f7dd04f9d81da78,https://shop1.phinf.naver.net/20260220_41/1771571098005u9080_JPEG/123636885013586671_1692019778.jpg,포트메리온
13293102973,포트메리온 보타닉 로즈 스프접시(D형) 21cm 1p,포트메리온 보타닉 로즈 스프접시(D형) 21cm 1p - 포트메리온 접시 제품입니다.,in stock,new,49000 KRW,30870 KRW,https://mkt.shopping.naver.com/link/6a6f1fec0f7dd04f9d81da77,https://shop1.phinf.naver.net/20260323_78/1774255265405Up6df_JPEG/49863093911088003_1921641679.jpg,포트메리온
13293011227,포트메리온 베리에이션 파스타볼 HM 22cm 1p(A),포트메리온 베리에이션 파스타볼 HM 22cm 1p(A) - 포트메리온 볼 제품입니다.,in stock,new,47700 KRW,33390 KRW,https://mkt.shopping.naver.com/link/6a6f1fec77b14c40780d7865,https://shop1.phinf.naver.net/20260323_291/177425364652140ILe_JPEG/3522665220571681_319633982.jpg,포트메리온
13293004097,포트메리온 소피 콘란 티컵 앤 소서 0.3L 1인조 화이트,포트메리온 소피 콘란 티컵 앤 소서 0.3L 1인조 화이트 - 포트메리온 찻잔 제품입니다.,in stock,new,31000 KRW,18600 KRW,https://mkt.shopping.naver.com/link/6a6f1fec14783f7893d1509f,https://shop1.phinf.naver.net/20260323_294/1774254048059hntkj_JPEG/37243117187472576_2005089424.jpg,포트메리온
13292987239,포트메리온 소피 콘란 티컵 앤 소서 0.3L 1인조 셀러던,포트메리온 소피 콘란 티컵 앤 소서 0.3L 1인조 셀러던 - 포트메리온 찻잔 제품입니다.,in stock,new,32600 KRW,19560 KRW,https://mkt.shopping.naver.com/link/6a6f1fec77b14c40780d7866,https://shop1.phinf.naver.net/20260323_55/1774253876231Hm31O_JPEG/108386724259774041_1571993773.jpg,포트메리온
13292969503,포트메리온 소피 콘란 티컵 앤 소서 0.3L 1인조 세이지,포트메리온 소피 콘란 티컵 앤 소서 0.3L 1인조 세이지 - 포트메리온 찻잔 제품입니다.,in stock,new,32600 KRW,19560 KRW,https://mkt.shopping.naver.com/link/6a6f1fec3fc0f74b5414b639,https://shop1.phinf.naver.net/20260323_298/1774253571545UlFw5_JPEG/121584445994381910_1130088043.jpg,포트메리온
13292749596,포트메리온 소피 콘란 컬러팝 볼 13.8cm 1p 썬샤인,포트메리온 소피 콘란 컬러팝 볼 13.8cm 1p 썬샤인 - 포트메리온 볼 제품입니다.,in stock,new,35300 KRW,21180 KRW,https://mkt.shopping.naver.com/link/6a6f1fec26a1f61dceb904c2,https://shop1.phinf.naver.net/20260323_53/17742501538889vbA9_JPEG/99425019693287994_696870400.jpg,포트메리온
13292739723,포트메리온 소피 콘란 컬러팝 볼 13.8cm 1p 핑크,포트메리온 소피 콘란 컬러팝 볼 13.8cm 1p 핑크 - 포트메리온 볼 제품입니다.,in stock,new,35300 KRW,21180 KRW,https://mkt.shopping.naver.com/link/6a6f1fec77b14c40780d7867,https://shop1.phinf.naver.net/20260323_32/1774249981744CFKt7_JPEG/3990127031095724_1117347288.jpg,포트메리온
13292716248,포트메리온 소피 콘란 컬러팝 볼 13.8cm 1p 셀러던,포트메리온 소피 콘란 컬러팝 볼 13.8cm 1p 셀러던 - 포트메리온 볼 제품입니다.,in stock,new,35300 KRW,21180 KRW,https://mkt.shopping.naver.com/link/6a6f1fecb030596f47810592,https://shop1.phinf.naver.net/20260323_266/1774249627922W6qku_JPEG/120967981199050846_1879719846.jpg,포트메리온
13292668896,포트메리온 소피 콘란 컬러팝 볼 13.8cm 1p 멀베리,포트메리온 소피 콘란 컬러팝 볼 13.8cm 1p 멀베리 - 포트메리온 볼 제품입니다.,in stock,new,35300 KRW,21180 KRW,https://mkt.shopping.naver.com/link/6a6f1fecda16a67bd50a8ea3,https://shop1.phinf.naver.net/20260323_67/17742486659839Dip0_JPEG/59205586069377287_83458071.jpg,포트메리온
13279942940,포트메리온 소피 콘란 티 플레이트 15cm 1p,포트메리온 소피 콘란 티 플레이트 15cm 1p - 포트메리온 접시 제품입니다.,in stock,new,19300 KRW,11580 KRW,https://mkt.shopping.naver.com/link/6a6f1fecb030596f47810593,https://shop1.phinf.naver.net/20260220_152/1771571158809Lcpht_JPEG/21379405665892769_2000099768.jpg,포트메리온
13279726893,포트메리온 소피 콘란 톨 머그 0.35L 1p,포트메리온 소피 콘란 톨 머그 0.35L 1p - 포트메리온 머그 제품입니다.,in stock,new,20700 KRW,12420 KRW,https://mkt.shopping.naver.com/link/6a6f1fecda16a67bd50a8ea4,https://shop1.phinf.naver.net/20260320_232/1773994889315TSaK7_JPEG/108127737337455937_764726039.jpg,포트메리온
13279657211,포트메리온 소피 콘란 타진 25cm,포트메리온 소피 콘란 타진 25cm - 포트메리온 전자레인지/오븐 용기 제품입니다.,in stock,new,139700 KRW,83820 KRW,https://mkt.shopping.naver.com/link/6a6f1fec14783f7893d150a0,https://shop1.phinf.naver.net/20260320_141/17739919385117KMEd_JPEG/3260957208038530_442654153.jpg,포트메리온
13279567704,포트메리온 소피 콘란 쿠프 파스타볼 23cm 4p,포트메리온 소피 콘란 쿠프 파스타볼 23cm 4p - 포트메리온 볼 제품입니다.,in stock,new,270400 KRW,148720 KRW,https://mkt.shopping.naver.com/link/6a6f1fec77b14c40780d7868,https://shop1.phinf.naver.net/20260320_58/1773990602712sLKKb_JPEG/108123450719345374_220855765.jpg,포트메리온
13279248028,포트메리온 베리에이션 비어 머그 0.45L 2p,포트메리온 베리에이션 비어 머그 0.45L 2p - 포트메리온 머그 제품입니다.,in stock,new,84000 KRW,58800 KRW,https://mkt.shopping.naver.com/link/6a6f1fec26a1f61dceb904c3,https://shop1.phinf.naver.net/20260615_291/1781511463559IMC2r_JPEG/20945857292126986_809365645.jpg,포트메리온
13279168808,포트메리온 소피 콘란 쿠프 파스타볼 23cm 1p 썬샤인,포트메리온 소피 콘란 쿠프 파스타볼 23cm 1p 썬샤인 - 포트메리온 볼 제품입니다.,in stock,new,67600 KRW,40560 KRW,https://mkt.shopping.naver.com/link/6a6f1fec77b14c40780d7869,https://shop1.phinf.naver.net/20260320_213/17739861165469oxiz_JPEG/3726261832873420_321957470.jpg,포트메리온
13279159240,포트메리온 소피 콘란 쿠프 파스타볼 23cm 1p 핑크,포트메리온 소피 콘란 쿠프 파스타볼 23cm 1p 핑크 - 포트메리온 볼 제품입니다.,in stock,new,67600 KRW,40560 KRW,https://mkt.shopping.naver.com/link/6a6f1fecda16a67bd50a8ea5,https://shop1.phinf.naver.net/20260320_151/1773986009140CGDoS_JPEG/26912070674754378_1726811166.jpg,포트메리온
13279148433,포트메리온 소피 콘란 쿠프 파스타볼 23cm 1p 셀러던,포트메리온 소피 콘란 쿠프 파스타볼 23cm 1p 셀러던 - 포트메리온 볼 제품입니다.,in stock,new,67600 KRW,40560 KRW,https://mkt.shopping.naver.com/link/6a6f1fecda16a67bd50a8ea6,https://shop1.phinf.naver.net/20260320_39/17739857946567lJYN_JPEG/26911856188434720_2030150191.jpg,포트메리온
13279110327,포트메리온 소피 콘란 쿠프 파스타볼 23cm 1p 멀베리,포트메리온 소피 콘란 쿠프 파스타볼 23cm 1p 멀베리 - 포트메리온 볼 제품입니다.,in stock,new,67600 KRW,40560 KRW,https://mkt.shopping.naver.com/link/6a6f1fec3fc0f74b5414b63a,https://shop1.phinf.naver.net/20260320_66/1773984783839af2i9_JPEG/6132061664229327_2086829784.jpg,포트메리온
13279025881,포트메리온 소피 콘란 쿠프접시 22.5cm 4p,포트메리온 소피 콘란 쿠프접시 22.5cm 4p - 포트메리온 접시 제품입니다.,in stock,new,211600 KRW,116380 KRW,https://mkt.shopping.naver.com/link/6a6f1fec77b14c40780d786a,https://shop1.phinf.naver.net/20260320_134/1773983765364oA3EM_JPEG/108116613385501213_1903291174.jpg,포트메리온
13278511650,포트메리온 소피 콘란 쿠프접시 22.5cm 1p 썬샤인,포트메리온 소피 콘란 쿠프접시 22.5cm 1p 썬샤인 - 포트메리온 접시 제품입니다.,in stock,new,52900 KRW,31740 KRW,https://mkt.shopping.naver.com/link/6a6f1fecda16a67bd50a8ea7,https://shop1.phinf.naver.net/20260320_25/1773975287985L69gd_JPEG/121306162436733197_1227640416.jpg,포트메리온
13278442908,포트메리온 소피 콘란 쿠프접시 22.5cm 1p 핑크,포트메리온 소피 콘란 쿠프접시 22.5cm 1p 핑크 - 포트메리온 접시 제품입니다.,in stock,new,52900 KRW,31740 KRW,https://mkt.shopping.naver.com/link/6a6f1fec3fc0f74b5414b63b,https://shop1.phinf.naver.net/20260320_285/1773974161908e9rKs_JPEG/26900223444970487_1724877577.jpg,포트메리온
13278385325,포트메리온 소피 콘란 쿠프접시 22.5cm 1p 셀러던,포트메리온 소피 콘란 쿠프접시 22.5cm 1p 셀러던 - 포트메리온 접시 제품입니다.,in stock,new,52900 KRW,31740 KRW,https://mkt.shopping.naver.com/link/6a6f1fec26a1f61dceb904c4,https://shop1.phinf.naver.net/20260320_19/1773973063183hM73v_JPEG/26899124719277297_2128380138.jpg,포트메리온
13278364379,포트메리온 소피 콘란 쿠프접시 22.5cm 1p 멀베리,포트메리온 소피 콘란 쿠프접시 22.5cm 1p 멀베리 - 포트메리온 접시 제품입니다.,in stock,new,52900 KRW,31740 KRW,https://mkt.shopping.naver.com/link/6a6f1fec071bd0208e356a5b,https://shop1.phinf.naver.net/20260320_269/1773972718214afaro_JPEG/14662968273983022_4332647.jpg,포트메리온
13278273555,포트메리온 소피 콘란 쿠프접시 26.5cm 1p 썬샤인,포트메리온 소피 콘란 쿠프접시 26.5cm 1p 썬샤인 - 포트메리온 접시 제품입니다.,in stock,new,58300 KRW,34980 KRW,https://mkt.shopping.naver.com/link/6a6f1fec3fc0f74b5414b63c,https://shop1.phinf.naver.net/20260319_62/1773909172717bcpIn_JPEG/1915820752292053_1647292964.jpg,포트메리온
13278240207,포트메리온 소피 콘란 쿠프접시 26.5cm 1p 핑크,포트메리온 소피 콘란 쿠프접시 26.5cm 1p 핑크 - 포트메리온 접시 제품입니다.,in stock,new,58300 KRW,34980 KRW,https://mkt.shopping.naver.com/link/6a6f1fec77b14c40780d786c,https://shop1.phinf.naver.net/20260319_129/1773909173287pUMcW_JPEG/1915821323025490_1231280380.jpg,포트메리온
13278224068,포트메리온 소피 콘란 쿠프접시 26.5cm 1p 셀러던,포트메리온 소피 콘란 쿠프접시 26.5cm 1p 셀러던 - 포트메리온 접시 제품입니다.,in stock,new,58300 KRW,34980 KRW,https://mkt.shopping.naver.com/link/6a6f1fec071bd0208e356a5c,https://shop1.phinf.naver.net/20250722_172/1753172563434ou6wi_JPEG/38129483514810564_962062368.jpg,포트메리온
13278001197,포트메리온 소피 콘란 쿠프접시 26.5cm 1p 멀베리,포트메리온 소피 콘란 쿠프접시 26.5cm 1p 멀베리 - 포트메리온 접시 제품입니다.,in stock,new,58300 KRW,34980 KRW,https://mkt.shopping.naver.com/link/6a6f1fec77b14c40780d786b,https://shop1.phinf.naver.net/20260319_222/177390917214189J2b_JPEG/1915820177124352_83909281.jpg,포트메리온
13274674465,포트메리온 소피 콘란 컨디멘트 폿 0.18L,포트메리온 소피 콘란 컨디멘트 폿 0.18L - 포트메리온 양념통/설탕프림기 제품입니다.,in stock,new,40900 KRW,24540 KRW,https://mkt.shopping.naver.com/link/6a6f1fec14783f7893d150a2,https://shop1.phinf.naver.net/20260320_148/1773994147434AXwBn_JPEG/42010983561137107_1100200196.jpg,포트메리온
13274619118,포트메리온 소피 콘란 커버드 슈거 0.3L,포트메리온 소피 콘란 커버드 슈거 0.3L - 포트메리온 양념통/설탕프림기 제품입니다.,in stock,new,25200 KRW,15120 KRW,https://mkt.shopping.naver.com/link/6a6f1fec0f7dd04f9d81da79,https://shop1.phinf.naver.net/20260320_67/1773994335836sdy1j_JPEG/108127179956891647_2090113763.jpg,포트메리온
13274557160,포트메리온 소피 콘란 커버드 버터 디쉬 16cm,포트메리온 소피 콘란 커버드 버터 디쉬 16cm - 포트메리온 접시 제품입니다.,in stock,new,46900 KRW,28140 KRW,https://mkt.shopping.naver.com/link/6a6f1fec0f7dd04f9d81da7b,https://shop1.phinf.naver.net/20260319_9/17739094275466f1Su_JPEG/108042368379283509_219541461.jpg,포트메리온
13274512174,포트메리온 소피 콘란 핸들 로스팅 디쉬(중) 30cm 1p,포트메리온 소피 콘란 핸들 로스팅 디쉬(중) 30cm 1p - 포트메리온 접시 제품입니다.,in stock,new,95200 KRW,57120 KRW,https://mkt.shopping.naver.com/link/6a6f1fec14783f7893d150a1,https://shop1.phinf.naver.net/20260320_238/1773995102729QuANh_JPEG/99169968525176700_761136807.jpg,포트메리온
13274492526,포트메리온 소피 콘란 핸들 로스팅 디쉬(소) 25cm 1p,포트메리온 소피 콘란 핸들 로스팅 디쉬(소) 25cm 1p - 포트메리온 접시 제품입니다.,in stock,new,69200 KRW,41520 KRW,https://mkt.shopping.naver.com/link/6a6f1fec0f7dd04f9d81da7a,https://shop1.phinf.naver.net/20260319_266/1773906117961xIF6u_JPEG/98247146793518427_17898861.jpg,포트메리온
13274385051,포트메리온 소피 콘란 직사각 로스팅 디쉬 29.5cm 1p,포트메리온 소피 콘란 직사각 로스팅 디쉬 29.5cm 1p - 포트메리온 접시 제품입니다.,in stock,new,68500 KRW,41100 KRW,https://mkt.shopping.naver.com/link/6a6f1fec071bd0208e356a5d,https://shop1.phinf.naver.net/20260319_137/1773904502439yLQlH_JPEG/6051780267424473_667646644.jpg,포트메리온
13274317784,포트메리온 소피 콘란 주서 18.5cm 1p,포트메리온 소피 콘란 주서 18.5cm 1p - 포트메리온 스퀴저 제품입니다.,in stock,new,32600 KRW,19560 KRW,https://mkt.shopping.naver.com/link/6a6f1fec77b14c40780d786d,https://shop1.phinf.naver.net/20260319_72/17739036129065sCVb_JPEG/108036482043581378_167809112.jpg,포트메리온
13273997205,포트메리온 소피 콘란 오발 캐서롤 23cm,포트메리온 소피 콘란 오발 캐서롤 23cm - 포트메리온 전자레인지/오븐 용기 제품입니다.,in stock,new,93400 KRW,56040 KRW,https://mkt.shopping.naver.com/link/6a6f1fec77b14c40780d786f,https://shop1.phinf.naver.net/20260319_219/1773899016783Fu2Ko_JPEG/26975381796799489_1923828083.jpg,포트메리온
13273398801,포트메리온 소피 콘란 플레이스 세팅 4p,포트메리온 소피 콘란 플레이스 세팅 4p - 포트메리온 홈세트 제품입니다.,in stock,new,102800 KRW,61680 KRW,https://mkt.shopping.naver.com/link/6a6f1fec14783f7893d150a3,https://shop1.phinf.naver.net/20260319_59/1773894990946Y8YEY_JPEG/108027860088670703_1857877175.jpg,포트메리온
13273308647,포트메리온 보타닉 가든 수저통 사각 25cm,포트메리온 보타닉 가든 수저통 사각 25cm - 포트메리온 수저통 제품입니다.,in stock,new,106000 KRW,74200 KRW,https://mkt.shopping.naver.com/link/6a6f1fecc6480f0d46eea735,https://shop1.phinf.naver.net/20260825_295/1787640609291TS1wT_JPEG/37210821747988832_317260856.jpg,포트메리온
13273291143,포트메리온 보타닉 가든 수저통 장미 29cm,포트메리온 보타닉 가든 수저통 장미 29cm - 포트메리온 수저통 제품입니다.,in stock,new,118000 KRW,88500 KRW,https://mkt.shopping.naver.com/link/6a6f1fec3fc0f74b5414b63d,https://shop1.phinf.naver.net/20260319_152/1773887076939ws0s8_JPEG/98228105764609875_500137464.jpg,포트메리온
13268985485,포트메리온 소피 콘란 오발 로스팅 디쉬(중) 27cm 1p,포트메리온 소피 콘란 오발 로스팅 디쉬(중) 27cm 1p - 포트메리온 전자레인지/오븐 용기 제품입니다.,in stock,new,82400 KRW,49440 KRW,https://mkt.shopping.naver.com/link/6a6f1fec071bd0208e356a5e,https://shop1.phinf.naver.net/20260319_22/1773888151183kqgdf_JPEG/90894644991065145_487781663.jpg,포트메리온
13268895125,포트메리온 소피 콘란 오발 로스팅 디쉬(소) 22cm 1p,포트메리온 소피 콘란 오발 로스팅 디쉬(소) 22cm 1p - 포트메리온 접시 제품입니다.,in stock,new,64500 KRW,38700 KRW,https://mkt.shopping.naver.com/link/6a6f1fec0f7dd04f9d81da7d,https://shop1.phinf.naver.net/20260318_108/1773820468795jcOwy_JPEG/7884841685393068_30574711.jpg,포트메리온
13268849982,포트메리온 소피 콘란 엠보스 하트 1인 3p 세트,포트메리온 소피 콘란 엠보스 하트 1인 3p 세트 - 포트메리온 디저트세트 제품입니다.,in stock,new,57300 KRW,28650 KRW,https://mkt.shopping.naver.com/link/6a6f1fec77b14c40780d786e,https://shop1.phinf.naver.net/20260319_58/1773887442721PdvO7_JPEG/108020219869453243_724363100.jpg,포트메리온
13268540107,포트메리온 소피 콘란 엠보스 스타 1인 3p 세트,포트메리온 소피 콘란 엠보스 스타 1인 3p 세트 - 포트메리온 디저트세트 제품입니다.,in stock,new,57300 KRW,28650 KRW,https://mkt.shopping.naver.com/link/6a6f1fecda16a67bd50a8ea8,https://shop1.phinf.naver.net/20260319_144/1773887921791b49Lu_JPEG/41904757920564807_1812035293.jpg,포트메리온
13267868070,포트메리온 소피 콘란 엠보스 하트 플레이트 19cm 1p,포트메리온 소피 콘란 엠보스 하트 플레이트 19cm 1p - 포트메리온 접시 제품입니다.,in stock,new,27400 KRW,16440 KRW,https://mkt.shopping.naver.com/link/6a6f1fec0f7dd04f9d81da7c,https://shop1.phinf.naver.net/20260319_228/1773889029658f4Hy0_JPEG/14579279714894971_1062792936.jpg,포트메리온
13267845266,포트메리온 소피 콘란 엠보스 하트 볼 12cm 1p,포트메리온 소피 콘란 엠보스 하트 볼 12cm 1p - 포트메리온 볼 제품입니다.,in stock,new,15400 KRW,9240 KRW,https://mkt.shopping.naver.com/link/6a6f1fec0f7dd04f9d81da7e,https://shop1.phinf.naver.net/20260319_72/1773888332437iwycs_JPEG/108021164577921031_1024035311.jpg,포트메리온
13267825826,포트메리온 소피 콘란 엠보스 하트 머그 0.17L 1p,포트메리온 소피 콘란 엠보스 하트 머그 0.17L 1p - 포트메리온 머그 제품입니다.,in stock,new,14500 KRW,8700 KRW,https://mkt.shopping.naver.com/link/6a6f1fec14783f7893d150a4,https://shop1.phinf.naver.net/20260319_184/1773895921747vMgFG_JPEG/37563050873310615_2108825121.jpg,포트메리온
13267612969,포트메리온 소피 콘란 엠보스 스타 플레이트 19cm 1p,포트메리온 소피 콘란 엠보스 스타 플레이트 19cm 1p - 포트메리온 접시 제품입니다.,in stock,new,27400 KRW,16440 KRW,https://mkt.shopping.naver.com/link/6a6f1fec0f7dd04f9d81da7f,https://shop1.phinf.naver.net/20260319_275/1773889157892elkh8_JPEG/55588724599476851_1821790111.jpg,포트메리온
13267528581,포트메리온 소피 콘란 엠보스 스타 볼 12cm 1p,포트메리온 소피 콘란 엠보스 스타 볼 12cm 1p - 포트메리온 볼 제품입니다.,in stock,new,15400 KRW,9240 KRW,https://mkt.shopping.naver.com/link/6a6f1fec14783f7893d150a7,https://shop1.phinf.naver.net/20260318_147/1773800619502V2Mjd_JPEG/6624230460038869_1999266852.jpg,포트메리온
13264046144,포트메리온 소피 콘란 엠보스 스타 머그 0.17L 1p,포트메리온 소피 콘란 엠보스 스타 머그 0.17L 1p - 포트메리온 머그 제품입니다.,in stock,new,14500 KRW,8700 KRW,https://mkt.shopping.naver.com/link/6a6f1fec77b14c40780d7870,https://shop1.phinf.naver.net/20260318_257/1773800440285APjIG_JPEG/36782173399319713_1122137538.jpg,포트메리온
13263984544,포트메리온 소피 콘란 시리얼 볼 18.5cm 1p,포트메리온 소피 콘란 시리얼 볼 18.5cm 1p - 포트메리온 볼 제품입니다.,in stock,new,24400 KRW,14640 KRW,https://mkt.shopping.naver.com/link/6a6f1fec14783f7893d150a5,https://shop1.phinf.naver.net/20260318_7/177379869803909uCx_JPEG/36780431147608131_1491508553.jpg,포트메리온
13263801783,포트메리온 소피 콘란 스토리지 자(소) 10.5cm 1p,포트메리온 소피 콘란 스토리지 자(소) 10.5cm 1p - 포트메리온 도자기/유리용기단품 제품입니다.,in stock,new,37300 KRW,22380 KRW,https://mkt.shopping.naver.com/link/6a6f1fec14783f7893d150a6,https://shop1.phinf.naver.net/20260317_132/1773731877374csiL0_JPEG/107864820517664039_40995855.jpg,포트메리온
13263768808,포트메리온 소피 콘란 스토리지 자(대) 16.5cm 1p,포트메리온 소피 콘란 스토리지 자(대) 16.5cm 1p - 포트메리온 도자기/유리용기단품 제품입니다.,in stock,new,83200 KRW,49920 KRW,https://mkt.shopping.naver.com/link/6a6f1fec77b14c40780d7872,https://shop1.phinf.naver.net/20260318_238/17737984949220Tp1N_JPEG/49416570391897699_843951493.jpg,포트메리온
13263713467,포트메리온 소피 콘란 스태킹 컵 0.34L 2p,포트메리온 소피 콘란 스태킹 컵 0.34L 2p - 포트메리온 머그 제품입니다.,in stock,new,50400 KRW,30240 KRW,https://mkt.shopping.naver.com/link/6a6f1fec77b14c40780d7871,https://shop1.phinf.naver.net/20260618_270/1781747939229wMydz_JPEG/36406698195348465_1729230879.jpg,포트메리온
13263613800,포트메리온 소피 콘란 스윗하트 베이킹 디쉬 26.6cm 1p,포트메리온 소피 콘란 스윗하트 베이킹 디쉬 26.6cm 1p - 포트메리온 접시 제품입니다.,in stock,new,68000 KRW,40800 KRW,https://mkt.shopping.naver.com/link/6a6f1fec77b14c40780d7873,https://shop1.phinf.naver.net/20260318_133/1773809730507g5FmM_JPEG/43363380641478902_450168031.jpg,포트메리온
13262739502,포트메리온 소피 콘란 스몰 볼 12cm 1p,포트메리온 소피 콘란 스몰 볼 12cm 1p - 포트메리온 볼 제품입니다.,in stock,new,20000 KRW,12000 KRW,https://mkt.shopping.naver.com/link/6a6f1fec0f7dd04f9d81da80,https://shop1.phinf.naver.net/20260320_250/1773995277735mFRq0_JPEG/26921339269324548_745037861.jpg,포트메리온
13262698282,포트메리온 소피 콘란 숏머그 0.23L 1p,포트메리온 소피 콘란 숏머그 0.23L 1p - 포트메리온 머그 제품입니다.,in stock,new,19400 KRW,11640 KRW,https://mkt.shopping.naver.com/link/6a6f1fec071bd0208e356a60,https://shop1.phinf.naver.net/20260320_288/1773995495694y82EQ_JPEG/55695062406228176_915974694.jpg,포트메리온
13258623071,포트메리온 소피 콘란 셸 플레이트 21cm 1p,포트메리온 소피 콘란 셸 플레이트 21cm 1p - 포트메리온 접시 제품입니다.,in stock,new,30300 KRW,18180 KRW,https://mkt.shopping.naver.com/link/6a6f1fec0f7dd04f9d81da81,https://shop1.phinf.naver.net/20260318_132/1773809563782bYm0J_JPEG/125013447739695924_406638865.jpg,포트메리온
13258272782,포트메리온 소피 콘란 셸볼 11cm 2p,포트메리온 소피 콘란 셸볼 11cm 2p - 포트메리온 볼 제품입니다.,in stock,new,44000 KRW,26400 KRW,https://mkt.shopping.naver.com/link/6a6f1fec14783f7893d150a9,https://shop1.phinf.naver.net/20260316_211/17736458252301C64k_JPEG/3992563915467833_622359487.jpg,포트메리온
13258226266,포트메리온 소피 콘란 사이드 플레이트 20cm 1p,포트메리온 소피 콘란 사이드 플레이트 20cm 1p - 포트메리온 접시 제품입니다.,in stock,new,20600 KRW,12360 KRW,https://mkt.shopping.naver.com/link/6a6f1fec0f7dd04f9d81da82,https://shop1.phinf.naver.net/20260319_184/1773888519451spap9_JPEG/14578769509988443_1725764201.jpg,포트메리온
13257479975,포트메리온 소피 콘란 버터 텁 18cm,포트메리온 소피 콘란 버터 텁 18cm - 포트메리온 도자기/유리용기단품 제품입니다.,in stock,new,56100 KRW,33660 KRW,https://mkt.shopping.naver.com/link/6a6f1fec26a1f61dceb904c5,https://shop1.phinf.naver.net/20260316_145/1773629610090jXWqR_JPEG/39222959225207368_1663596429.jpg,포트메리온
13243538352,포트메리온 소피 콘란 밴디드 톨 머그 0.35L 1p,포트메리온 소피 콘란 밴디드 톨 머그 0.35L 1p - 포트메리온 머그 제품입니다.,in stock,new,39300 KRW,23580 KRW,https://mkt.shopping.naver.com/link/6a6f1fec071bd0208e356a5f,https://shop1.phinf.naver.net/20260313_204/1773382607701Q0hc3_JPEG/38975956828043276_1867608325.jpg,포트메리온
13243201284,포트메리온 소피 콘란 밴디드 라지 탱커드 0.54L 1p,포트메리온 소피 콘란 밴디드 라지 탱커드 0.54L 1p - 포트메리온 머그 제품입니다.,in stock,new,50800 KRW,30480 KRW,https://mkt.shopping.naver.com/link/6a6f1fecb030596f47810594,https://shop1.phinf.naver.net/20260313_91/1773372016782F4on2_JPEG/124575900736792578_445919966.jpg,포트메리온
13242720512,포트메리온 소피 콘란 미니 캐서롤 13.8cm,포트메리온 소피 콘란 미니 캐서롤 13.8cm - 포트메리온 전자레인지/오븐 용기 제품입니다.,in stock,new,56800 KRW,34080 KRW,https://mkt.shopping.naver.com/link/6a6f1fec14783f7893d150a8,https://shop1.phinf.naver.net/20260313_180/1773371458682EcpzN_JPEG/103381133351499380_1124269109.jpg,포트메리온
13242676299,포트메리온 소피 콘란 미니 베이커 15cm,포트메리온 소피 콘란 미니 베이커 15cm - 포트메리온 전자레인지/오븐 용기 제품입니다.,in stock,new,65800 KRW,39480 KRW,https://mkt.shopping.naver.com/link/6a6f1fec77b14c40780d7874,https://shop1.phinf.naver.net/20260313_127/1773369874212XFmW7_JPEG/38963223342609026_1257656284.jpg,포트메리온
13242553863,포트메리온 소피 콘란 로우 캐서롤 23cm,포트메리온 소피 콘란 로우 캐서롤 23cm - 포트메리온 전자레인지/오븐 용기 제품입니다.,in stock,new,102200 KRW,61320 KRW,https://mkt.shopping.naver.com/link/6a6f1fed0f7dd04f9d81da83,https://shop1.phinf.naver.net/20260318_221/1773810603315OyoGo_JPEG/107943474436084105_412118206.jpg,포트메리온
13242438460,포트메리온 소피 콘란 라운드 리드 폿 9cm,포트메리온 소피 콘란 라운드 리드 폿 9cm - 포트메리온 도자기/유리용기단품 제품입니다.,in stock,new,46400 KRW,27840 KRW,https://mkt.shopping.naver.com/link/6a6f1fed14783f7893d150ac,https://shop1.phinf.naver.net/20260318_286/17738109752040f3Ur_JPEG/107943793957027955_793948263.jpg,포트메리온
13238664001,포트메리온 소피 콘란 디핑 디쉬 앤 플래터 30.5cm 1p,포트메리온 소피 콘란 디핑 디쉬 앤 플래터 30.5cm 1p - 포트메리온 접시 제품입니다.,in stock,new,79200 KRW,47520 KRW,https://mkt.shopping.naver.com/link/6a6f1fed14783f7893d150ab,https://shop1.phinf.naver.net/20260312_23/1773304948634zqXMm_JPEG/48923024101095521_992533316.jpg,포트메리온
13238520167,포트메리온 소피 콘란 냄비 20cm,포트메리온 소피 콘란 냄비 20cm - 포트메리온 양수냄비 제품입니다.,in stock,new,172500 KRW,103500 KRW,https://mkt.shopping.naver.com/link/6a6f1fed26a1f61dceb904c6,https://shop1.phinf.naver.net/20260312_94/1773302632837STJEz_JPEG/83451082650626781_378557788.jpg,포트메리온
13238501690,포트메리온 소피 콘란 냄비 24cm,포트메리온 소피 콘란 냄비 24cm - 포트메리온 양수냄비 제품입니다.,in stock,new,210000 KRW,126000 KRW,https://mkt.shopping.naver.com/link/6a6f1fedb030596f47810595,https://shop1.phinf.naver.net/20260312_94/1773302396216NdUnn_JPEG/17101753250431871_874451472.jpg,포트메리온
13238487806,포트메리온 소피 콘란 냄비 30cm,포트메리온 소피 콘란 냄비 30cm - 포트메리온 양수냄비 제품입니다.,in stock,new,243100 KRW,145860 KRW,https://mkt.shopping.naver.com/link/6a6f1fed0f7dd04f9d81da85,https://shop1.phinf.naver.net/20260312_61/1773301181602JAt71_JPEG/107434000364874063_533363169.jpg,포트메리온
13237862728,포트메리온 베리에이션 커피머그 0.28L 2p,포트메리온 베리에이션 커피머그 0.28L 2p - 포트메리온 머그 제품입니다.,in stock,new,85600 KRW,51360 KRW,https://mkt.shopping.naver.com/link/6a6f1fed071bd0208e356a61,https://shop1.phinf.naver.net/20260612_28/1781250266486aTR6C_JPEG/6554454611755485_832262165.jpg,포트메리온
13237590865,포트메리온 보타닉 가든 티스푼 15cm 6p,포트메리온 보타닉 가든 티스푼 15cm 6p - 포트메리온 티스푼/티포크세트 제품입니다.,in stock,new,142200 KRW,99540 KRW,https://mkt.shopping.naver.com/link/6a6f1fedda16a67bd50a8ea9,https://shop1.phinf.naver.net/20260312_52/1773290469233CyrNf_JPEG/26003352370157058_2026010131.jpg,포트메리온
13237283326,포트메리온 보타닉 가든 디저트포크 15cm 6p,포트메리온 보타닉 가든 디저트포크 15cm 6p - 포트메리온 티스푼/티포크세트 제품입니다.,in stock,new,142200 KRW,99540 KRW,https://mkt.shopping.naver.com/link/6a6f1fed14783f7893d150aa,https://shop1.phinf.naver.net/20260312_105/1773284446594lbNH6_JPEG/103294121261424486_168154841.jpg,포트메리온
13237212500,포트메리온 보타닉 가든 디저트포크 15cm 4p,포트메리온 보타닉 가든 디저트포크 15cm 4p - 포트메리온 티스푼/티포크세트 제품입니다.,in stock,new,94800 KRW,66360 KRW,https://mkt.shopping.naver.com/link/6a6f1fed0f7dd04f9d81da84,https://shop1.phinf.naver.net/20260312_138/1773283325650M1i9u_JPEG/107416144393760580_854973077.jpg,포트메리온
13203768115,포트메리온 미네랄즈 오발플래터(M) 30cm 1p,포트메리온 미네랄즈 오발플래터(M) 30cm 1p - 포트메리온 접시 제품입니다.,in stock,new,132000 KRW,79200 KRW,https://mkt.shopping.naver.com/link/6a6f1fed0f7dd04f9d81da86,https://shop1.phinf.naver.net/20260305_259/1772687593221cTric_JPEG/106820477347568563_274332711.jpg,포트메리온
13203751415,포트메리온 미네랄즈 오발플래터(L) 35cm 1p,포트메리온 미네랄즈 오발플래터(L) 35cm 1p - 포트메리온 접시 제품입니다.,in stock,new,171600 KRW,102960 KRW,https://mkt.shopping.naver.com/link/6a6f1fed071bd0208e356a62,https://shop1.phinf.naver.net/20260305_66/1772687236306IKYfx_JPEG/106820082813317516_114349299.jpg,포트메리온
13203696193,포트메리온 미네랄즈 티 플레이트 16cm 1p,포트메리온 미네랄즈 티 플레이트 16cm 1p - 포트메리온 접시 제품입니다.,in stock,new,45100 KRW,27060 KRW,https://mkt.shopping.naver.com/link/6a6f1fed77b14c40780d7875,https://shop1.phinf.naver.net/20260701_284/1782867024170VqkQA_JPEG/18642617066402257_299542380.jpg,포트메리온
13203614882,포트메리온 미네랄즈 사이드 플레이트 21cm 1p,포트메리온 미네랄즈 사이드 플레이트 21cm 1p - 포트메리온 접시 제품입니다.,in stock,new,51700 KRW,31020 KRW,https://mkt.shopping.naver.com/link/6a6f1fed26a1f61dceb904c7,https://shop1.phinf.naver.net/20260305_289/17726864536960zF4y_JPEG/75262502512783985_54985146.jpg,포트메리온
13199185590,포트메리온 미네랄즈 디너 플레이트 26cm 1p,포트메리온 미네랄즈 디너 플레이트 26cm 1p - 포트메리온 접시 제품입니다.,in stock,new,59400 KRW,35640 KRW,https://mkt.shopping.naver.com/link/6a6f1fedda16a67bd50a8eaa,https://shop1.phinf.naver.net/20260701_63/1782865964755PtQcW_JPEG/116998822857831372_1232493737.jpg,포트메리온
13199123824,포트메리온 미네랄즈 서빙볼 25cm 1p,포트메리온 미네랄즈 서빙볼 25cm 1p - 포트메리온 볼 제품입니다.,in stock,new,171600 KRW,102960 KRW,https://mkt.shopping.naver.com/link/6a6f1fedb030596f47810596,https://shop1.phinf.naver.net/20260304_192/1772608289200fimni_JPEG/25321172350330581_1744674185.jpg,포트메리온
13199063397,포트메리온 미네랄즈 로우볼(소) 12cm 1p,포트메리온 미네랄즈 로우볼(소) 12cm 1p - 포트메리온 볼 제품입니다.,in stock,new,42900 KRW,25740 KRW,https://mkt.shopping.naver.com/link/6a6f1fedc6480f0d46eea736,https://shop1.phinf.naver.net/20260304_179/1772607256663L5CWl_JPEG/2607709768840661_1048847283.jpg,포트메리온
13199013341,포트메리온 미네랄즈 로우볼 22cm 1p,포트메리온 미네랄즈 로우볼 22cm 1p - 포트메리온 볼 제품입니다.,in stock,new,60500 KRW,36300 KRW,https://mkt.shopping.naver.com/link/6a6f1fed0f7dd04f9d81da87,https://shop1.phinf.naver.net/20260304_96/17726069361966cSeg_JPEG/4308652061793902_743999966.jpg,포트메리온
13193972309,포트메리온 미네랄즈 면기 20cm 1p,포트메리온 미네랄즈 면기 20cm 1p - 포트메리온 면기 제품입니다.,in stock,new,108900 KRW,65340 KRW,https://mkt.shopping.naver.com/link/6a6f1fed0f7dd04f9d81da88,https://shop1.phinf.naver.net/20260303_297/1772527178829IWG0Q_JPEG/11063146810687362_935216612.jpg,포트메리온
13193671461,포트메리온 미네랄즈 대접(M) 15cm 1p,포트메리온 미네랄즈 대접(M) 15cm 1p - 포트메리온 대접 제품입니다.,in stock,new,53900 KRW,32340 KRW,https://mkt.shopping.naver.com/link/6a6f1fed26a1f61dceb904c8,https://shop1.phinf.naver.net/20260303_42/1772523234024yYxqt_JPEG/56895651148800572_1163949879.jpg,포트메리온
13193521401,포트메리온 미네랄즈 대접 13cm 1p,포트메리온 미네랄즈 대접 13cm 1p - 포트메리온 대접 제품입니다.,in stock,new,50600 KRW,30360 KRW,https://mkt.shopping.naver.com/link/6a6f1fed0f7dd04f9d81da89,https://shop1.phinf.naver.net/20260303_184/1772520512034vHwfY_JPEG/106653363150878575_407892975.jpg,포트메리온
13193213076,포트메리온 미네랄즈 공기(소) 11cm 1p,포트메리온 미네랄즈 공기(소) 11cm 1p - 포트메리온 공기 제품입니다.,in stock,new,47300 KRW,28380 KRW,https://mkt.shopping.naver.com/link/6a6f1fed14783f7893d150ae,https://shop1.phinf.naver.net/20260303_41/1772520449791vnJHk_JPEG/22492802903345655_885624060.jpg,포트메리온
13176625276,포트메리온 킹슬리 티폿 1.1L,포트메리온 킹슬리 티폿 1.1L - 포트메리온 티포트 제품입니다.,in stock,new,232800 KRW,162960 KRW,https://mkt.shopping.naver.com/link/6a6f1fedc6480f0d46eea737,https://shop1.phinf.naver.net/20260227_163/1772176595258p3WBa_JPEG/3878311138538404_313455359.jpg,포트메리온
13176549020,"포트메리온 보타닉 가든 스태킹 소식 스타터 2인 세트(공기,대접)","포트메리온 보타닉 가든 스태킹 소식 스타터 2인 세트(공기,대접) - 포트메리온 공기대접세트 제품입니다.",in stock,new,178800 KRW,84030 KRW,https://mkt.shopping.naver.com/link/6a6f1fed071bd0208e356a63,https://shop1.phinf.naver.net/20260227_215/1772175536216vAWVf_JPEG/124241323223351396_54999417.jpg,포트메리온
13176495390,포트메리온 보타닉 가든 스태킹 4인 소식 홈세트 19p,포트메리온 보타닉 가든 스태킹 4인 소식 홈세트 19p - 포트메리온 홈세트 제품입니다.,out of stock,new,781200 KRW,367160 KRW,https://mkt.shopping.naver.com/link/6a9ca9538045e373d81cb453,https://shop1.phinf.naver.net/20260227_161/17721752261346KgkS_JPEG/2175679246692548_1888070380.jpg,포트메리온
13176344588,포트메리온 킹슬리 크림저그 0.22L 1p,포트메리온 킹슬리 크림저그 0.22L 1p - 포트메리온 스팀피쳐/밀크저그 제품입니다.,in stock,new,77100 KRW,53970 KRW,https://mkt.shopping.naver.com/link/6a6f1fed14783f7893d150ad,https://shop1.phinf.naver.net/20260227_269/17721725786863w0kw_JPEG/21751734586388684_1434526539.jpg,포트메리온
13176270269,포트메리온 보타닉 가든 스태킹 2인 소식 홈세트 11p,포트메리온 보타닉 가든 스태킹 2인 소식 홈세트 11p - 포트메리온 홈세트 제품입니다.,out of stock,new,450800 KRW,211870 KRW,https://mkt.shopping.naver.com/link/6a9ca9536c48fc7df4a0ebcb,https://shop1.phinf.naver.net/20260227_123/1772171070380av2vF_JPEG/22143423483420038_1471322938.jpg,포트메리온
13176140294,"포트메리온 킹슬리 저그 850ml, 화이트","포트메리온 킹슬리 저그 850ml, 화이트 - 포트메리온 스팀피쳐/밀크저그 제품입니다.",in stock,new,124300 KRW,87010 KRW,https://mkt.shopping.naver.com/link/6a6f1fedda16a67bd50a8eab,https://shop1.phinf.naver.net/20260227_192/1772169808201wJxVG_JPEG/19531373052780750_131173279.jpg,포트메리온
13176136885,포트메리온 보타닉 가든 테라스 1인 홈세트 6p,포트메리온 보타닉 가든 테라스 1인 홈세트 6p - 포트메리온 홈세트 제품입니다.,in stock,new,203700 KRW,122220 KRW,https://mkt.shopping.naver.com/link/6a6f1fed26a1f61dceb904c9,https://shop1.phinf.naver.net/20260227_222/17721697840699kMFU_JPEG/44989838208535192_1825987877.jpg,포트메리온
13176098266,포트메리온 보타닉 가든 테라스 2인 홈세트 9p,포트메리온 보타닉 가든 테라스 2인 홈세트 9p - 포트메리온 홈세트 제품입니다.,in stock,new,313300 KRW,187980 KRW,https://mkt.shopping.naver.com/link/6a6f1fed071bd0208e356a64,https://shop1.phinf.naver.net/20260227_32/1772168456469oE9lA_JPEG/26744581632242215_1461127446.jpg,포트메리온
13176082572,"포트메리온 킹슬리 저그 1.4L, 화이트","포트메리온 킹슬리 저그 1.4L, 화이트 - 포트메리온 스팀피쳐/밀크저그 제품입니다.",in stock,new,207500 KRW,145250 KRW,https://mkt.shopping.naver.com/link/6a6f1fedb030596f47810597,https://shop1.phinf.naver.net/20260227_244/17721616315176xVIt_JPEG/106294403788462274_341637408.jpg,포트메리온
13175875917,포트메리온 보타닉 가든 테라스 디저트 2인 세트,포트메리온 보타닉 가든 테라스 디저트 2인 세트 - 포트메리온 디저트세트 제품입니다.,in stock,new,170800 KRW,102480 KRW,https://mkt.shopping.naver.com/link/6a6f1fed071bd0208e356a65,https://shop1.phinf.naver.net/20260227_70/1772165262357Twpjl_JPEG/2165715463000696_979258600.jpg,포트메리온
13172137952,포트메리온 킹슬리 팔각접시 24cm 1p 황토색,포트메리온 킹슬리 팔각접시 24cm 1p 황토색 - 포트메리온 접시 제품입니다.,in stock,new,64900 KRW,45430 KRW,https://mkt.shopping.naver.com/link/6a6f1fed14783f7893d150af,https://shop1.phinf.naver.net/20260226_167/1772093902084oJWmB_JPEG/10629870063398054_1927161150.jpg,포트메리온
13171864862,포트메리온 킹슬리 커피잔 0.2L 1인조 흰색,포트메리온 킹슬리 커피잔 0.2L 1인조 흰색 - 포트메리온 찻잔 제품입니다.,in stock,new,74600 KRW,52220 KRW,https://mkt.shopping.naver.com/link/6a6f1fed77b14c40780d7876,https://shop1.phinf.naver.net/20251231_81/1767156298360wYLAN_JPEG/9516645254687707_1935008710.jpg,포트메리온
13171850305,포트메리온 킹슬리 커피잔 0.2L 1인조 황토색,포트메리온 킹슬리 커피잔 0.2L 1인조 황토색 - 포트메리온 찻잔 제품입니다.,in stock,new,74600 KRW,52220 KRW,https://mkt.shopping.naver.com/link/6a6f1fed14783f7893d150b0,https://shop1.phinf.naver.net/20251231_213/1767156240169Xd5Wf_JPEG/21605450982849747_1066667593.jpg,포트메리온
13167019070,포트메리온 킹슬리 접시 19cm 1p 황토색,포트메리온 킹슬리 접시 19cm 1p 황토색 - 포트메리온 접시 제품입니다.,in stock,new,42400 KRW,29680 KRW,https://mkt.shopping.naver.com/link/6a6f1fed14783f7893d150b1,https://shop1.phinf.naver.net/20260225_116/1772008442956UNo3H_JPEG/106141235053538767_491185851.jpg,포트메리온
13166867173,포트메리온 킹슬리 머그 0.35L 1p 황토색,포트메리온 킹슬리 머그 0.35L 1p 황토색 - 포트메리온 머그 제품입니다.,in stock,new,48100 KRW,33670 KRW,https://mkt.shopping.naver.com/link/6a6f1fed0f7dd04f9d81da8a,https://shop1.phinf.naver.net/20260225_40/1772006304266YvgS2_JPEG/44826358405649282_1181138680.jpg,포트메리온
13159894706,포트메리온 보타닉 가든 티타임 2인 세트,포트메리온 보타닉 가든 티타임 2인 세트 - 포트메리온 홈세트 제품입니다.,in stock,new,148200 KRW,88920 KRW,https://mkt.shopping.naver.com/link/6a6f1fedb030596f47810599,https://shop1.phinf.naver.net/20260223_71/1771835312936DYwYU_JPEG/34808184491031886_1899456946.jpg,포트메리온
13159663663,포트메리온 보타닉 가든 스태킹 1인 면기 세트,포트메리온 보타닉 가든 스태킹 1인 면기 세트 - 포트메리온 홈세트 제품입니다.,in stock,new,160600 KRW,72270 KRW,https://mkt.shopping.naver.com/link/6a6f1fed26a1f61dceb904ca,https://shop1.phinf.naver.net/20260224_247/1771898576051D3pB8_JPEG/106031427172814610_2073533112.jpg,포트메리온
13159533170,포트메리온 보타닉 가든 스태킹 1인 홈세트 6p,포트메리온 보타닉 가든 스태킹 1인 홈세트 6p - 포트메리온 홈세트 제품입니다.,out of stock,new,263700 KRW,123930 KRW,https://mkt.shopping.naver.com/link/6a9ca954cc78491a7acb56be,https://shop1.phinf.naver.net/20260224_182/1771896530306L47cH_JPEG/106029343600189307_1079980457.jpg,포트메리온
13155924708,"포트메리온 보타닉 가든 한잔세트 (원삼절1p,샷글라스6p)","포트메리온 보타닉 가든 한잔세트 (원삼절1p,샷글라스6p) - 포트메리온 홈세트 제품입니다.",in stock,new,161200 KRW,96720 KRW,https://mkt.shopping.naver.com/link/6a6f1fedb030596f47810598,https://shop1.phinf.naver.net/20260223_171/1771834107832fU3rI_JPEG/44654161967222009_1720554248.jpg,포트메리온
13155857911,포트메리온 보타닉 가든 브런치 2인 세트,포트메리온 보타닉 가든 브런치 2인 세트 - 포트메리온 홈세트 제품입니다.,in stock,new,209100 KRW,125460 KRW,https://mkt.shopping.naver.com/link/6a6f1fedc6480f0d46eea738,https://shop1.phinf.naver.net/20260223_62/17718332705782OYVw_JPEG/62634242877684080_1052193807.jpg,포트메리온
13155796571,포트메리온 보타닉 가든 양식 2인 8p 세트,포트메리온 보타닉 가든 양식 2인 8p 세트 - 포트메리온 홈세트 제품입니다.,in stock,new,309100 KRW,185460 KRW,https://mkt.shopping.naver.com/link/6a6f1fed14783f7893d150b2,https://shop1.phinf.naver.net/20260223_67/1771832741976lJ0ty_JPEG/105965534067658455_1214781884.jpg,포트메리온
13155769309,포트메리온 보타닉 가든 양식 1인 4p 세트,포트메리온 보타닉 가든 양식 1인 4p 세트 - 포트메리온 홈세트 제품입니다.,in stock,new,157700 KRW,94620 KRW,https://mkt.shopping.naver.com/link/6a6f1fed071bd0208e356a66,https://shop1.phinf.naver.net/20260223_116/1771831266345Ns50e_JPEG/1831719453668059_990630712.jpg,포트메리온
13155726973,포트메리온 보타닉 가든 스타터 2인 세트 6P,포트메리온 보타닉 가든 스타터 2인 세트 6P - 포트메리온 홈세트 제품입니다.,in stock,new,357800 KRW,214680 KRW,https://mkt.shopping.naver.com/link/6a6f1fed0f7dd04f9d81da8b,https://shop1.phinf.naver.net/20260223_81/1771831473309pNcjE_JPEG/18572877444947783_1005167886.jpg,포트메리온
13155649689,포트메리온 보타닉 가든 한식 2인 10p 세트,포트메리온 보타닉 가든 한식 2인 10p 세트 - 포트메리온 홈세트 제품입니다.,in stock,new,430900 KRW,258540 KRW,https://mkt.shopping.naver.com/link/6a6f1fedb030596f4781059a,https://shop1.phinf.naver.net/20260223_39/17718300473816NhWq_JPEG/10366015364942229_594368350.jpg,포트메리온
13155633997,포트메리온 보타닉 가든 스타터 2인 세트 5P,포트메리온 보타닉 가든 스타터 2인 세트 5P - 포트메리온 홈세트 제품입니다.,in stock,new,253400 KRW,152040 KRW,https://mkt.shopping.naver.com/link/6a6f1fedda16a67bd50a8eac,https://shop-phinf.pstatic.net/20260223_54/17718292601687R9fT_JPEG/105962107272682750_195381529.jpg,포트메리온
13155564775,포트메리온 보타닉 가든 한식 1인 5p 세트,포트메리온 보타닉 가든 한식 1인 5p 세트 - 포트메리온 홈세트 제품입니다.,in stock,new,218600 KRW,131160 KRW,https://mkt.shopping.naver.com/link/6a6f1fed071bd0208e356a67,https://shop1.phinf.naver.net/20260223_133/1771828900324c2EUE_JPEG/18570304458599532_1242992701.jpg,포트메리온
13142289844,포트메리온 로지 리 티타임 세트,포트메리온 로지 리 티타임 세트 - 포트메리온 디저트세트 제품입니다.,in stock,new,254000 KRW,127000 KRW,https://mkt.shopping.naver.com/link/6a6f1fed14783f7893d150b3,https://shop1.phinf.naver.net/20260220_289/1771574654673FradL_JPEG/34547526230165534_776584464.jpg,포트메리온
13142085951,포트메리온 소피 콘란 티타임 세트,포트메리온 소피 콘란 티타임 세트 - 포트메리온 디저트세트 제품입니다.,in stock,new,103600 KRW,51800 KRW,https://mkt.shopping.naver.com/link/6a6f1fedda16a67bd50a8ead,https://shop1.phinf.naver.net/20260220_61/1771571013429gc1Ke_JPEG/3272729288662882_1497376580.jpg,포트메리온
13111162213,포트메리온 웨스털리 브런치 2인 세트,포트메리온 웨스털리 브런치 2인 세트 - 포트메리온 홈세트 제품입니다.,in stock,new,257900 KRW,154740 KRW,https://mkt.shopping.naver.com/link/6a6f1fed26a1f61dceb904cb,https://shop1.phinf.naver.net/20260213_71/1770971315248ni83z_JPEG/18332880095025127_423033787.jpg,포트메리온
13111154387,포트메리온 웨스털리 티타임 1인 세트,포트메리온 웨스털리 티타임 1인 세트 - 포트메리온 홈세트 제품입니다.,in stock,new,126400 KRW,75840 KRW,https://mkt.shopping.naver.com/link/6a6f1fedb030596f4781059b,https://shop1.phinf.naver.net/20260213_222/17709707696745oFDX_JPEG/100332387209446501_753994641.jpg,포트메리온
13111115650,포트메리온 웨스털리 디저트 1인 세트,포트메리온 웨스털리 디저트 1인 세트 - 포트메리온 홈세트 제품입니다.,in stock,new,91800 KRW,55080 KRW,https://mkt.shopping.naver.com/link/6a6f1fed26a1f61dceb904cc,https://shop1.phinf.naver.net/20260213_207/1770970222389xfMe3_JPEG/105103035674764209_1824121600.jpg,포트메리온
13110958064,포트메리온 포모나 티타임 2인 세트,포트메리온 포모나 티타임 2인 세트 - 포트메리온 홈세트 제품입니다.,in stock,new,148200 KRW,81510 KRW,https://mkt.shopping.naver.com/link/6a6f1fedb030596f4781059c,https://shop1.phinf.naver.net/20260213_113/1770968135694hoBuv_JPEG/55340552784129324_601535274.jpg,포트메리온
13109684442,포트메리온 킹슬리 브런치 2인 세트,포트메리온 킹슬리 브런치 2인 세트 - 포트메리온 홈세트 제품입니다.,in stock,new,229800 KRW,137880 KRW,https://mkt.shopping.naver.com/link/6a6f1fedda16a67bd50a8eae,https://shop1.phinf.naver.net/20260213_4/1770951231362dLWbN_JPEG/7129873165311415_1111879274.jpg,포트메리온
13109615389,포트메리온 지알로 브런치 2인 세트,포트메리온 지알로 브런치 2인 세트 - 포트메리온 홈세트 제품입니다.,in stock,new,254000 KRW,139700 KRW,https://mkt.shopping.naver.com/link/6a6f1fedb030596f4781059d,https://shop1.phinf.naver.net/20260213_116/1770950196551pam1V_JPEG/105083017687173430_112101367.jpg,포트메리온
13109513912,포트메리온 보타닉 로즈 티타임 2인 세트,포트메리온 보타닉 로즈 티타임 2인 세트 - 포트메리온 홈세트 제품입니다.,in stock,new,148200 KRW,81510 KRW,https://mkt.shopping.naver.com/link/6a6f1fedc6480f0d46eea739,https://shop1.phinf.naver.net/20260213_5/1770947825075PHecD_JPEG/33920696629450377_2137957042.jpg,포트메리온
13105784662,포트메리온 보타닉 블루 머그 앤 티백 2인 세트,포트메리온 보타닉 블루 머그 앤 티백 2인 세트 - 포트메리온 머그 제품입니다.,out of stock,new,66800 KRW,36740 KRW,https://mkt.shopping.naver.com/link/6a9ca954a6c15e1319580258,https://shop1.phinf.naver.net/20260212_66/1770885107507CilFh_JPEG/105017958634511921_1349321793.jpg,포트메리온
13105686811,포트메리온 아트리움 브런치 2인 세트,포트메리온 아트리움 브런치 2인 세트 - 포트메리온 홈세트 제품입니다.,in stock,new,202000 KRW,121200 KRW,https://mkt.shopping.naver.com/link/6a6f1fed77b14c40780d7877,https://shop1.phinf.naver.net/20260212_9/1770884111236hnCJC_JPEG/884564348184484_1783261736.jpg,포트메리온
13105633222,포트메리온 아트리움 티타임 2인 세트,포트메리온 아트리움 티타임 2인 세트 - 포트메리온 홈세트 제품입니다.,in stock,new,152100 KRW,91260 KRW,https://mkt.shopping.naver.com/link/6a6f1fed14783f7893d150b4,https://shop1.phinf.naver.net/20260212_42/17708836920113Edwp_JPEG/9419660010866877_1846170689.jpg,포트메리온
13105556331,포트메리온 아트리움 티타임 1인 세트,포트메리온 아트리움 티타임 1인 세트 - 포트메리온 홈세트 제품입니다.,in stock,new,96300 KRW,57780 KRW,https://mkt.shopping.naver.com/link/6a6f1fed26a1f61dceb904cd,https://shop1.phinf.naver.net/20260212_39/1770882120705Vycf7_JPEG/55254537831229416_774670079.jpg,포트메리온
13105211176,포트메리온 보타닉 가든 하모니 양식 1인 세트,포트메리온 보타닉 가든 하모니 양식 1인 세트 - 포트메리온 홈세트 제품입니다.,in stock,new,163500 KRW,98100 KRW,https://mkt.shopping.naver.com/link/6a6f1fed14783f7893d150b5,https://shop1.phinf.naver.net/20260212_29/17708779733096gYwe_JPEG/9413941304001254_1984018942.jpg,포트메리온
13104943199,포트메리온 보타닉 가든 테라스 커피잔 0.2L 4인조,포트메리온 보타닉 가든 테라스 커피잔 0.2L 4인조 - 포트메리온 찻잔 제품입니다.,in stock,new,184000 KRW,128800 KRW,https://mkt.shopping.naver.com/link/6a6f1fedb030596f4781059e,https://shop1.phinf.naver.net/20260212_83/177087535443895McY_JPEG/875807543562621_1207049526.jpg,포트메리온
13104877545,포트메리온 보타닉 가든 테라스 접시 HM 16cm 4p,포트메리온 보타닉 가든 테라스 접시 HM 16cm 4p - 포트메리온 접시 제품입니다.,in stock,new,144400 KRW,101080 KRW,https://mkt.shopping.naver.com/link/6a6f1fed3fc0f74b5414b63e,https://shop1.phinf.naver.net/20260206_152/1770360614730jBMMg_JPEG/33333486301662787_2066011783.jpg,포트메리온
13104854892,포트메리온 보타닉 가든 테라스 접시 HM 18cm 4p,포트메리온 보타닉 가든 테라스 접시 HM 18cm 4p - 포트메리온 접시 제품입니다.,in stock,new,153200 KRW,107240 KRW,https://mkt.shopping.naver.com/link/6a6f1fed0f7dd04f9d81da8c,https://shop1.phinf.naver.net/20260212_123/17708743518045GRoC_JPEG/18235916643720748_767659329.jpg,포트메리온
13104700703,포트메리온 보타닉 가든 테라스 머그 HM 0.35L 4p,포트메리온 보타닉 가든 테라스 머그 HM 0.35L 4p - 포트메리온 머그 제품입니다.,in stock,new,129600 KRW,90720 KRW,https://mkt.shopping.naver.com/link/6a6f1fed26a1f61dceb904ce,https://shop1.phinf.naver.net/20260212_293/1770872186534DJVNz_JPEG/33845058090483503_52602061.jpg,포트메리온
13100552088,포트메리온 보타닉 가든 하모니 티타임 2인 세트,포트메리온 보타닉 가든 하모니 티타임 2인 세트 - 포트메리온 홈세트 제품입니다.,in stock,new,164000 KRW,98400 KRW,https://mkt.shopping.naver.com/link/6a6f1feec6480f0d46eea73a,https://shop1.phinf.naver.net/20260211_157/1770796907412O84Ye_JPEG/21357681303973224_1520428408.jpg,포트메리온
13100534764,포트메리온 보타닉 가든 공기(소) 11cm 1p,포트메리온 보타닉 가든 공기(소) 11cm 1p - 포트메리온 공기 제품입니다.,in stock,new,42200 KRW,31650 KRW,https://mkt.shopping.naver.com/link/6a6f1fed26a1f61dceb904cf,https://shop1.phinf.naver.net/20260211_195/1770798443231VdSJF_JPEG/84287701601721189_652686401.jpg,포트메리온
13100333599,포트메리온 보타닉 가든 테라스 딥볼 14cm(대접) 4p,포트메리온 보타닉 가든 테라스 딥볼 14cm(대접) 4p - 포트메리온 대접 제품입니다.,in stock,new,150800 KRW,105560 KRW,https://mkt.shopping.naver.com/link/6a6f1fed26a1f61dceb904d0,https://shop1.phinf.naver.net/20260211_78/1770796598511kGNoh_JPEG/18158163363183751_1531530307.jpg,포트메리온
13100312545,포트메리온 보타닉 가든 테라스 딥볼 12cm(공기) 4p,포트메리온 보타닉 가든 테라스 딥볼 12cm(공기) 4p - 포트메리온 공기 제품입니다.,in stock,new,112000 KRW,78400 KRW,https://mkt.shopping.naver.com/link/6a6f1fed3fc0f74b5414b63f,https://shop1.phinf.naver.net/20260211_35/1770796064721LE0dl_JPEG/18157629570179151_1263389104.jpg,포트메리온
13100258795,포트메리온 보타닉 가든 테라스 시리얼볼 13.5cm 4p,포트메리온 보타닉 가든 테라스 시리얼볼 13.5cm 4p - 포트메리온 볼 제품입니다.,in stock,new,124800 KRW,87360 KRW,https://mkt.shopping.naver.com/link/6a6f1fed0f7dd04f9d81da8d,https://shop1.phinf.naver.net/20260211_7/1770795521854qVFO4_JPEG/39454956733215977_2147190580.jpg,포트메리온
13100245971,포트메리온 뉴베리에이션 티타임 2인 세트 (D형),포트메리온 뉴베리에이션 티타임 2인 세트 (D형) - 포트메리온 홈세트 제품입니다.,in stock,new,149700 KRW,112270 KRW,https://mkt.shopping.naver.com/link/6a6f1fed26a1f61dceb904d1,https://shop1.phinf.naver.net/20260211_151/1770794970996DjuOs_JPEG/104927792089023929_1171449392.jpg,포트메리온
13076000535,포트메리온 보타닉 가든 샐러드볼 20cm 1p,포트메리온 보타닉 가든 샐러드볼 20cm 1p - 포트메리온 면기 제품입니다.,in stock,new,95600 KRW,71700 KRW,https://mkt.shopping.naver.com/link/6a6f1fed77b14c40780d7878,https://shop1.phinf.naver.net/20260206_103/1770366385602oqGh7_JPEG/104499198889301722_643811861.jpg,포트메리온
13075813740,"포트메리온 뉴베리에이션 대접시(D형) 26cm 1p (A,B)","포트메리온 뉴베리에이션 대접시(D형) 26cm 1p (A,B) - 포트메리온 접시 제품입니다.",in stock,new,52000 KRW,44200 KRW,https://mkt.shopping.naver.com/link/6a6f1fed77b14c40780d7879,https://shop1.phinf.naver.net/20260206_121/17703646826071enx7_JPEG/1944953084762060_838198510.jpg,포트메리온
13074401036,포트메리온 보타닉 가든 테라스 티타임 2인 세트,포트메리온 보타닉 가든 테라스 티타임 2인 세트 - 포트메리온 홈세트 제품입니다.,in stock,new,130300 KRW,78180 KRW,https://mkt.shopping.naver.com/link/6a6f1fee0f7dd04f9d81da8e,https://shop1.phinf.naver.net/20260206_271/1770345737320vIyNW_JPEG/1926007788657974_1065811569.jpg,포트메리온
13074196965,포트메리온 보타닉 가든 한수저 2벌 세트,포트메리온 보타닉 가든 한수저 2벌 세트 - 포트메리온 수저 제품입니다.,in stock,new,163600 KRW,77710 KRW,https://mkt.shopping.naver.com/link/6a6f1feec6480f0d46eea73b,https://shop1.phinf.naver.net/20260622_155/1782092715010RqvpS_JPEG/67615486831373298_798070161.jpg,포트메리온
13040513397,포트메리온 보타닉 가든 엠보스드 브런치 2인 세트,포트메리온 보타닉 가든 엠보스드 브런치 2인 세트 - 포트메리온 홈세트 제품입니다.,in stock,new,221300 KRW,132780 KRW,https://mkt.shopping.naver.com/link/6a6f1feeb030596f4781059f,https://shop1.phinf.naver.net/20260130_202/1769738755150bQQ11_JPEG/47389650916951885_1304365165.jpg,포트메리온
13036901347,포트메리온 보타닉 가든 엠보스드 디저트 1인 세트,포트메리온 보타닉 가든 엠보스드 디저트 1인 세트 - 포트메리온 디저트세트 제품입니다.,in stock,new,89400 KRW,53640 KRW,https://mkt.shopping.naver.com/link/6a6f1fee071bd0208e356a68,https://shop1.phinf.naver.net/20260129_296/1769675094948rr7gG_JPEG/28052563072189569_287873336.jpg,포트메리온
13035467687,"포트메리온 보타닉 가든 모노 1인 4p 세트(A,B세트)","포트메리온 보타닉 가든 모노 1인 4p 세트(A,B세트) - 포트메리온 홈세트 제품입니다.",in stock,new,198000 KRW,118800 KRW,https://mkt.shopping.naver.com/link/6a6f1fee0f7dd04f9d81da8f,https://shop1.phinf.naver.net/20260617_194/1781682170100Dk4CG_JPEG/11741560409159808_321606537.jpg,포트메리온
13035443099,포트메리온 보타닉 가든 모노 머그 0.35L 1p,포트메리온 보타닉 가든 모노 머그 0.35L 1p - 포트메리온 머그 제품입니다.,out of stock,new,45900 KRW,34420 KRW,https://mkt.shopping.naver.com/link/6a9ca9548045e373d81cb454,https://shop1.phinf.naver.net/20260129_94/1769654490731A8Tdk_JPEG/84670305600955026_1249444711.jpg,포트메리온
13035420769,포트메리온 보타닉 가든 모노 시리얼볼 15cm 1p,포트메리온 보타닉 가든 모노 시리얼볼 15cm 1p - 포트메리온 볼 제품입니다.,out of stock,new,51300 KRW,38470 KRW,https://mkt.shopping.naver.com/link/6a9ca954cc78491a7acb56bf,https://shop1.phinf.naver.net/20260129_129/1769654225660oioih_JPEG/103787049844992756_1759448115.jpg,포트메리온
13035407461,포트메리온 보타닉 가든 모노 사이드접시 23cm 1p,포트메리온 보타닉 가든 모노 사이드접시 23cm 1p - 포트메리온 접시 제품입니다.,out of stock,new,47100 KRW,35320 KRW,https://mkt.shopping.naver.com/link/6a9ca9542a761a0154b8b82e,https://shop1.phinf.naver.net/20260129_44/1769654074005tUwA3_JPEG/79784535703596110_603932790.jpg,포트메리온
13035395289,포트메리온 보타닉 가든 모노 쿠프접시(대) 26cm 1p,포트메리온 보타닉 가든 모노 쿠프접시(대) 26cm 1p - 포트메리온 접시 제품입니다.,out of stock,new,53700 KRW,40270 KRW,https://mkt.shopping.naver.com/link/6a9ca9547a192905d5e974ed,https://shop1.phinf.naver.net/20260202_218/1770017048412mdSfl_JPEG/24569327914098805_1418500669.jpg,포트메리온
13035387305,포트메리온 보타닉 가든 엠보스드 탱커드 머그 0.45L 4p,포트메리온 보타닉 가든 엠보스드 탱커드 머그 0.45L 4p - 포트메리온 머그 제품입니다.,in stock,new,271200 KRW,162720 KRW,https://mkt.shopping.naver.com/link/6a6f1fee071bd0208e356a69,https://shop1.phinf.naver.net/20260129_125/1769653763661DDcQR_JPEG/49853377556396060_314868358.jpg,포트메리온
13035373345,포트메리온 보타닉 가든 엠보스드 탱커드 머그 0.34L 4p,포트메리온 보타닉 가든 엠보스드 탱커드 머그 0.34L 4p - 포트메리온 머그 제품입니다.,in stock,new,246400 KRW,147840 KRW,https://mkt.shopping.naver.com/link/6a6f1fee77b14c40780d787a,https://shop1.phinf.naver.net/20260129_43/1769653591231sgJtT_JPEG/22369151698917864_1492172176.jpg,포트메리온
13035347022,포트메리온 보타닉 가든 엠보스드 로우볼 14cm 4p,포트메리온 보타닉 가든 엠보스드 로우볼 14cm 4p - 포트메리온 볼 제품입니다.,in stock,new,136400 KRW,102300 KRW,https://mkt.shopping.naver.com/link/6a6f1fee3fc0f74b5414b640,https://shop1.phinf.naver.net/20260129_90/1769653110515S7ozL_JPEG/24205390052510321_1882710404.jpg,포트메리온
13035328951,포트메리온 보타닉 가든 엠보스드 오트밀 16cm 4p,포트메리온 보타닉 가든 엠보스드 오트밀 16cm 4p - 포트메리온 볼 제품입니다.,in stock,new,140000 KRW,105000 KRW,https://mkt.shopping.naver.com/link/6a6f1fee26a1f61dceb904d2,https://shop1.phinf.naver.net/20260129_217/1769652904320fjv0h_JPEG/76410268720376600_1940687168.jpg,포트메리온
13035294701,포트메리온 보타닉 가든 엠보스드 샐러드볼 17cm 4p (B),포트메리온 보타닉 가든 엠보스드 샐러드볼 17cm 4p (B) - 포트메리온 볼 제품입니다.,in stock,new,254400 KRW,190800 KRW,https://mkt.shopping.naver.com/link/6a6f1fee77b14c40780d787b,https://shop1.phinf.naver.net/20250718_180/1752808688337pIjkq_JPEG/69034003180615698_1287781122.jpg,포트메리온
13035233416,포트메리온 보타닉 가든 엠보스드 파스타볼 23cm 4p (B세트),포트메리온 보타닉 가든 엠보스드 파스타볼 23cm 4p (B세트) - 포트메리온 볼 제품입니다.,in stock,new,193200 KRW,144900 KRW,https://mkt.shopping.naver.com/link/6a6f1fee0f7dd04f9d81da90,https://shop1.phinf.naver.net/20260129_141/1769651276575WIbEG_JPEG/84667091449787429_2035173050.jpg,포트메리온
13031894532,포트메리온 보타닉 가든 엠보스드 공기(소) 11cm 4p,포트메리온 보타닉 가든 엠보스드 공기(소) 11cm 4p - 포트메리온 공기 제품입니다.,in stock,new,144400 KRW,108300 KRW,https://mkt.shopping.naver.com/link/6a6f1fee26a1f61dceb904d3,https://shop1.phinf.naver.net/20260119_27/17687991290541W10Q_JPEG/11310864047193810_542984591.jpg,포트메리온
13031861602,포트메리온 보타닉 가든 엠보스드 공기 12cm 4p,포트메리온 보타닉 가든 엠보스드 공기 12cm 4p - 포트메리온 공기 제품입니다.,in stock,new,160800 KRW,120600 KRW,https://mkt.shopping.naver.com/link/6a6f1fee26a1f61dceb904d4,https://shop1.phinf.naver.net/20260119_123/176879807254038f41_JPEG/102931003663004331_1739393872.jpg,포트메리온
13031836386,포트메리온 보타닉 가든 엠보스드 대접 14cm 4p,포트메리온 보타닉 가든 엠보스드 대접 14cm 4p - 포트메리온 공기 제품입니다.,in stock,new,175600 KRW,131700 KRW,https://mkt.shopping.naver.com/link/6a6f1fee3fc0f74b5414b641,https://shop1.phinf.naver.net/20260128_116/17695878424291Oqrc_JPEG/24196659401468068_1866685157.jpg,포트메리온
13031792438,포트메리온 보타닉 가든 엠보스드 BF커피잔 0.26L 4인조,포트메리온 보타닉 가든 엠보스드 BF커피잔 0.26L 4인조 - 포트메리온 찻잔 제품입니다.,in stock,new,280400 KRW,210300 KRW,https://mkt.shopping.naver.com/link/6a6f1fee0f7dd04f9d81da91,https://shop1.phinf.naver.net/20260128_185/17695873109918JdcV_JPEG/103720116729899952_1835733939.jpg,포트메리온
13031769855,포트메리온 보타닉 가든 엠보스드 브레드접시 16cm 4p,포트메리온 보타닉 가든 엠보스드 브레드접시 16cm 4p - 포트메리온 접시 제품입니다.,in stock,new,111200 KRW,83400 KRW,https://mkt.shopping.naver.com/link/6a6f1feec6480f0d46eea73e,https://shop1.phinf.naver.net/20260128_99/1769587015323c38If_JPEG/42573868470999125_1328438947.jpg,포트메리온
13031031835,포트메리온 보타닉 가든 엠보스드 파스타볼 23cm 1p (B세트),포트메리온 보타닉 가든 엠보스드 파스타볼 23cm 1p (B세트) - 포트메리온 볼 제품입니다.,in stock,new,48300 KRW,36220 KRW,https://mkt.shopping.naver.com/link/6a6f1feec6480f0d46eea73c,https://shop1.phinf.naver.net/20260128_171/1769577539986WLO3i_JPEG/103710364183209917_1153453138.jpg,포트메리온
13030961766,포트메리온 보타닉 가든 엠보스드 파스타볼 23cm 1p,포트메리온 보타닉 가든 엠보스드 파스타볼 23cm 1p - 포트메리온 볼 제품입니다.,in stock,new,48300 KRW,36220 KRW,https://mkt.shopping.naver.com/link/6a6f1fee14783f7893d150b6,https://shop1.phinf.naver.net/20260128_246/1769576351545atQhr_JPEG/103709157287200674_1405206375.jpg,포트메리온
13030824332,포트메리온 보타닉 가든 엠보스드 탱커드 머그 0.34L 1p (B),포트메리온 보타닉 가든 엠보스드 탱커드 머그 0.34L 1p (B) - 포트메리온 머그 제품입니다.,in stock,new,61600 KRW,36960 KRW,https://mkt.shopping.naver.com/link/6a6f1feec6480f0d46eea73d,https://shop1.phinf.naver.net/20260128_14/1769570643306P1yNX_JPEG/24268944427448388_1683300124.jpg,포트메리온
13030536850,포트메리온 보타닉 가든 엠보스드 탱커드 머그 0.45L 1p (B),포트메리온 보타닉 가든 엠보스드 탱커드 머그 0.45L 1p (B) - 포트메리온 머그 제품입니다.,in stock,new,67800 KRW,40680 KRW,https://mkt.shopping.naver.com/link/6a6f1feeda16a67bd50a8eaf,https://shop1.phinf.naver.net/20260128_212/1769569672480p3qP6_JPEG/5607439304969878_116523164.jpg,포트메리온
13005374505,포트메리온 보타닉 블루 머그 0.35L 1p,포트메리온 보타닉 블루 머그 0.35L 1p - 포트메리온 머그 제품입니다.,in stock,new,24000 KRW,16800 KRW,https://mkt.shopping.naver.com/link/6a6f1fee0f7dd04f9d81da92,https://shop1.phinf.naver.net/20240919_293/1726716107556tkR8J_JPEG/1278041690850519_242728530.jpg,포트메리온
13005051311,포트메리온 엑소틱 보타닉 가든 악센트볼 5p,포트메리온 엑소틱 보타닉 가든 악센트볼 5p - 포트메리온 볼 제품입니다.,in stock,new,110000 KRW,39900 KRW,https://mkt.shopping.naver.com/link/6a6f1fee071bd0208e356a6a,https://shop1.phinf.naver.net/20260529_249/1780044079025GlyW3_JPEG/57566755895105613_1656719290.jpg,포트메리온
13000950116,포트메리온 보타닉 가든 엠보스드 탱커드 머그 0.45L 1p,포트메리온 보타닉 가든 엠보스드 탱커드 머그 0.45L 1p - 포트메리온 머그 제품입니다.,in stock,new,67800 KRW,40680 KRW,https://mkt.shopping.naver.com/link/6a6f1fee77b14c40780d787c,https://shop1.phinf.naver.net/20260121_176/1768983237399eHUfj_JPEG/35169064843228217_115274111.jpg,포트메리온
13000908195,포트메리온 보타닉 가든 엠보스드 탱커드 머그 0.34L 1p,포트메리온 보타닉 가든 엠보스드 탱커드 머그 0.34L 1p - 포트메리온 머그 제품입니다.,in stock,new,61600 KRW,36960 KRW,https://mkt.shopping.naver.com/link/6a6f1fee26a1f61dceb904d8,https://shop1.phinf.naver.net/20260121_128/17689823491684TF5o_JPEG/103115317300076896_679658293.jpg,포트메리온
13000777731,포트메리온 보타닉 가든 엠보스드 중접시 21.5cm 1p,포트메리온 보타닉 가든 엠보스드 중접시 21.5cm 1p - 포트메리온 접시 제품입니다.,in stock,new,35000 KRW,21000 KRW,https://mkt.shopping.naver.com/link/6a6f1feec6480f0d46eea740,https://shop1.phinf.naver.net/20260121_224/1768981172356Cgv7j_JPEG/96015514421898443_993575663.jpg,포트메리온
13000466673,포트메리온 보타닉 가든 엠보스드 중접시 21.5cm 1p (B),포트메리온 보타닉 가든 엠보스드 중접시 21.5cm 1p (B) - 포트메리온 접시 제품입니다.,in stock,new,35000 KRW,21000 KRW,https://mkt.shopping.naver.com/link/6a6f1fee26a1f61dceb904d6,https://shop1.phinf.naver.net/20260121_239/1768977543264AChe8_JPEG/21264523109064738_1734958745.jpg,포트메리온
13000423425,포트메리온 보타닉 가든 엠보스드 대접시 26cm 1p (B),포트메리온 보타닉 가든 엠보스드 대접시 26cm 1p (B) - 포트메리온 접시 제품입니다.,in stock,new,46100 KRW,27660 KRW,https://mkt.shopping.naver.com/link/6a6f1feec6480f0d46eea73f,https://shop1.phinf.naver.net/20260121_158/1768981398667JAnxt_JPEG/96015740737110928_1783087836.jpg,포트메리온
13000375302,[핫딜]포트메리온 보타닉 가든 키친툴 1p (뒤집개),[핫딜]포트메리온 보타닉 가든 키친툴 1p (뒤집개) - 포트메리온 조리도구세트 제품입니다.,in stock,new,60500 KRW,20570 KRW,https://mkt.shopping.naver.com/link/6a6f1fee26a1f61dceb904d5,https://shop1.phinf.naver.net/20260121_127/1768981723779P4w6m_JPEG/21268703632757710_425525472.jpg,포트메리온
13000367823,[핫딜]포트메리온 보타닉 가든 키친툴 1p (서빙포크),[핫딜]포트메리온 보타닉 가든 키친툴 1p (서빙포크) - 포트메리온 조리도구세트 제품입니다.,in stock,new,54800 KRW,18630 KRW,https://mkt.shopping.naver.com/link/6a6f1fee14783f7893d150b7,https://shop1.phinf.naver.net/20260121_45/1768981999641FF7bR_JPEG/19933401518226349_454875878.jpg,포트메리온
13000342101,"[핫딜]포트메리온 보타닉 가든 키친툴(서빙포크,뒤집개) 2P 세트","[핫딜]포트메리온 보타닉 가든 키친툴(서빙포크,뒤집개) 2P 세트 - 포트메리온 조리도구세트 제품입니다.",in stock,new,115300 KRW,38040 KRW,https://mkt.shopping.naver.com/link/6a6f1fee26a1f61dceb904d7,https://shop1.phinf.naver.net/20260121_146/1768981922218RgO8n_JPEG/103114890341312332_1653858696.jpg,포트메리온
13000201630,포트메리온 보타닉 가든 엠보스드 대접시 26cm 1p,포트메리온 보타닉 가든 엠보스드 대접시 26cm 1p - 포트메리온 접시 제품입니다.,in stock,new,46100 KRW,27660 KRW,https://mkt.shopping.naver.com/link/6a6f1fee0f7dd04f9d81da93,https://shop1.phinf.naver.net/20260121_60/1768974123431PU10h_JPEG/103107054550876037_1719668882.jpg,포트메리온
13000112989,포트메리온 보타닉 가든 엠보스드 오트밀 16cm 1p (B),포트메리온 보타닉 가든 엠보스드 오트밀 16cm 1p (B) - 포트메리온 볼 제품입니다.,in stock,new,35000 KRW,26250 KRW,https://mkt.shopping.naver.com/link/6a6f1fee14783f7893d150b8,https://shop1.phinf.naver.net/20260121_124/1768972991369hRyqj_JPEG/96007333443814426_2016600903.jpg,포트메리온
13000071023,포트메리온 보타닉 가든 엠보스드 오트밀 16cm 1p,포트메리온 보타닉 가든 엠보스드 오트밀 16cm 1p - 포트메리온 찬기 제품입니다.,in stock,new,35000 KRW,26250 KRW,https://mkt.shopping.naver.com/link/6a6f1fee3fc0f74b5414b642,https://shop1.phinf.naver.net/20260121_202/1768972210124Ev6ks_JPEG/19923612003415742_413047972.jpg,포트메리온
12996212367,포트메리온 보타닉 가든 엠보스드 샐러드볼 17cm 1p (C),포트메리온 보타닉 가든 엠보스드 샐러드볼 17cm 1p (C) - 포트메리온 볼 제품입니다.,in stock,new,63600 KRW,47700 KRW,https://mkt.shopping.naver.com/link/6a6f1fee77b14c40780d787f,https://shop1.phinf.naver.net/20260120_215/17688981237174BvS4_JPEG/11734482222581381_1968521242.jpg,포트메리온
12996140219,포트메리온 보타닉 가든 엠보스드 브레드접시 16cm 1p (B),포트메리온 보타닉 가든 엠보스드 브레드접시 16cm 1p (B) - 포트메리온 접시 제품입니다.,in stock,new,27800 KRW,20850 KRW,https://mkt.shopping.naver.com/link/6a6f1fee071bd0208e356a6b,https://shop1.phinf.naver.net/20260120_3/1768896487206xkchl_JPEG/39224245375054911_1335141639.jpg,포트메리온
12996017900,포트메리온 보타닉 가든 엠보스드 브레드접시 16cm 1p,포트메리온 보타닉 가든 엠보스드 브레드접시 16cm 1p - 포트메리온 접시 제품입니다.,in stock,new,27800 KRW,20850 KRW,https://mkt.shopping.naver.com/link/6a6f1fee77b14c40780d787d,https://shop1.phinf.naver.net/20260120_182/1768891447449RBKV5_JPEG/48477364872521784_1319349884.jpg,포트메리온
12995369258,포트메리온 보타닉 가든 엠보스드 로우볼 14cm 1p (B),포트메리온 보타닉 가든 엠보스드 로우볼 14cm 1p (B) - 포트메리온 볼 제품입니다.,in stock,new,34100 KRW,25570 KRW,https://mkt.shopping.naver.com/link/6a6f1feec6480f0d46eea741,https://shop1.phinf.naver.net/20260120_250/1768886895398OeMoc_JPEG/103019863524900467_1913273092.jpg,포트메리온
12995292574,포트메리온 보타닉 가든 엠보스드 로우볼 14cm 1p,포트메리온 보타닉 가든 엠보스드 로우볼 14cm 1p - 포트메리온 볼 제품입니다.,in stock,new,34100 KRW,25570 KRW,https://mkt.shopping.naver.com/link/6a6f1feec6480f0d46eea742,https://shop1.phinf.naver.net/20260120_239/1768879353338oCvKj_JPEG/103012321466337038_146829840.jpg,포트메리온
12994837751,포트메리온 보타닉 가든 엠보스드 대접 14cm 1p,포트메리온 보타닉 가든 엠보스드 대접 14cm 1p - 포트메리온 공기 제품입니다.,in stock,new,43900 KRW,32920 KRW,https://mkt.shopping.naver.com/link/6a6f1fee77b14c40780d787e,https://shop1.phinf.naver.net/20260120_5/1768878269509S2FMk_JPEG/6483296349560435_187996649.jpg,포트메리온
12994750071,"포트메리온 보타닉 가든 엠보스드 대접 14cm 1p (A,B)","포트메리온 보타닉 가든 엠보스드 대접 14cm 1p (A,B) - 포트메리온 공기 제품입니다.",in stock,new,43900 KRW,32920 KRW,https://mkt.shopping.naver.com/link/6a6f1feeb030596f478105a0,https://shop1.phinf.naver.net/20260120_126/1768875420410botkt_JPEG/103008185547387205_824392001.jpg,포트메리온
12994622388,"포트메리온 보타닉 가든 엠보스드 공기(소) 11cm 1p (A,B)","포트메리온 보타닉 가든 엠보스드 공기(소) 11cm 1p (A,B) - 포트메리온 공기 제품입니다.",in stock,new,36100 KRW,27070 KRW,https://mkt.shopping.naver.com/link/6a6f1feeb030596f478105a1,https://shop1.phinf.naver.net/20260120_52/1768874481332IFMdc_JPEG/103007246471861847_1357595996.jpg,포트메리온
12990037976,포트메리온 보타닉 가든 엠보스드 공기(소) 11cm 1p,포트메리온 보타닉 가든 엠보스드 공기(소) 11cm 1p - 포트메리온 공기 제품입니다.,in stock,new,36100 KRW,27070 KRW,https://mkt.shopping.naver.com/link/6a6f1fee3fc0f74b5414b643,https://shop1.phinf.naver.net/20260119_117/1768799025722lCYl6_JPEG/39126783896465526_375774703.jpg,포트메리온
12989963188,포트메리온 보타닉 가든 엠보스드 공기 12cm 1p,포트메리온 보타닉 가든 엠보스드 공기 12cm 1p - 포트메리온 공기 제품입니다.,in stock,new,40200 KRW,30150 KRW,https://mkt.shopping.naver.com/link/6a6f1feeb030596f478105a3,https://shop1.phinf.naver.net/20260119_295/1768798036199l4RdO_JPEG/11634394707988786_22946146.jpg,포트메리온
12989600586,"포트메리온 보타닉 가든 엠보스드 공기 12cm 1p (A,B)","포트메리온 보타닉 가든 엠보스드 공기 12cm 1p (A,B) - 포트메리온 공기 제품입니다.",in stock,new,40200 KRW,30150 KRW,https://mkt.shopping.naver.com/link/6a6f1feeb030596f478105a2,https://shop1.phinf.naver.net/20260119_276/1768790748806cgzVi_JPEG/6395775648607700_1897842887.jpg,포트메리온
12979021001,포트메리온 보타닉 가든 엠보스드 BF커피잔 0.26L 1인조 (B),포트메리온 보타닉 가든 엠보스드 BF커피잔 0.26L 1인조 (B) - 포트메리온 찻잔 제품입니다.,in stock,new,70100 KRW,52570 KRW,https://mkt.shopping.naver.com/link/6a6f1feeda16a67bd50a8eb0,https://shop1.phinf.naver.net/20260116_68/1768551705479oK8oO_JPEG/102684518611389190_629252745.jpg,포트메리온
12978961560,포트메리온 보타닉 가든 엠보스드 BF커피잔 0.26L 1인조,포트메리온 보타닉 가든 엠보스드 BF커피잔 0.26L 1인조 - 포트메리온 찻잔 제품입니다.,in stock,new,70100 KRW,52570 KRW,https://mkt.shopping.naver.com/link/6a6f1fee26a1f61dceb904d9,https://shop1.phinf.naver.net/20260116_89/1768550657851Vehfz_JPEG/23843989867053347_1097665913.jpg,포트메리온
12973780403,포트메리온 보타닉 가든 수저통&받침(소),포트메리온 보타닉 가든 수저통&받침(소) - 포트메리온 수저통 제품입니다.,in stock,new,44600 KRW,33450 KRW,https://mkt.shopping.naver.com/link/6a6f1fee14783f7893d150b9,https://shop1.phinf.naver.net/20260612_142/1781249865496aOV97_JPEG/48039413642487732_513970596.jpg,포트메리온
12967350464,포트메리온 패딩턴 베어 런던 머그 & 접시 세트,포트메리온 패딩턴 베어 런던 머그 & 접시 세트 - 포트메리온 어린이식기 제품입니다.,in stock,new,42200 KRW,25320 KRW,https://mkt.shopping.naver.com/link/6a6f1fee0f7dd04f9d81da94,https://shop1.phinf.naver.net/20260609_168/1780964365520XDlxU_JPEG/15613101326675089_474313547.jpg,포트메리온
12967333389,포트메리온 패딩턴 베어 너서리 3p 세트(어린이용),포트메리온 패딩턴 베어 너서리 3p 세트(어린이용) - 포트메리온 어린이식기 제품입니다.,in stock,new,58800 KRW,35280 KRW,https://mkt.shopping.naver.com/link/6a6f1fee0f7dd04f9d81da95,https://shop1.phinf.naver.net/20260609_101/1780964289583vKMSt_JPEG/115097130790258371_1228422150.jpg,포트메리온
12967309983,포트메리온 패딩턴 베어 어린이 양손 머그 앤 포린저,포트메리온 패딩턴 베어 어린이 양손 머그 앤 포린저 - 포트메리온 머그 제품입니다.,in stock,new,41400 KRW,24840 KRW,https://mkt.shopping.naver.com/link/6a6f1fee071bd0208e356a6c,https://shop1.phinf.naver.net/20260529_268/1780033302635OHQlE_JPEG/56258276511063553_2004351399.jpg,포트메리온
12964010848,포트메리온 패딩턴 베어 어린이 머그 & 스낵접시 세트,포트메리온 패딩턴 베어 어린이 머그 & 스낵접시 세트 - 포트메리온 머그 제품입니다.,in stock,new,39500 KRW,23700 KRW,https://mkt.shopping.naver.com/link/6a6f1fee77b14c40780d7881,https://shop1.phinf.naver.net/20260529_41/1780033320451o88iF_JPEG/1393771582603179_1300841875.jpg,포트메리온
12963983511,포트메리온 패딩턴 베어 어린이 머그 & 볼 세트,포트메리온 패딩턴 베어 어린이 머그 & 볼 세트 - 포트메리온 머그 제품입니다.,in stock,new,36600 KRW,21960 KRW,https://mkt.shopping.naver.com/link/6a6f1fee071bd0208e356a6d,https://shop1.phinf.naver.net/20260529_150/1780033337959KSu66_JPEG/8039985992722142_1494976356.jpg,포트메리온
12963943442,포트메리온 패딩턴 베어 어린이 포린저 16cm 1p,포트메리온 패딩턴 베어 어린이 포린저 16cm 1p - 포트메리온 어린이식기 제품입니다.,in stock,new,25900 KRW,15540 KRW,https://mkt.shopping.naver.com/link/6a6f1fee14783f7893d150ba,https://shop1.phinf.naver.net/20260114_212/17683581255326gbUF_JPEG/716101347485511_1340320312.jpg,포트메리온
12963645025,포트메리온 패딩턴 베어 머니박스 9cm,포트메리온 패딩턴 베어 머니박스 9cm - 포트메리온 저금통 제품입니다.,in stock,new,22500 KRW,13500 KRW,https://mkt.shopping.naver.com/link/6a6f1fee77b14c40780d7880,https://shop1.phinf.naver.net/20260114_170/1768357734935EBPVa_JPEG/2500153753885649_1847755459.jpg,포트메리온
12958529166,"포트메리온 보타닉 가든 벨머그 0.28L 1p(A,B)","포트메리온 보타닉 가든 벨머그 0.28L 1p(A,B) - 포트메리온 머그 제품입니다.",in stock,new,41700 KRW,31270 KRW,https://mkt.shopping.naver.com/link/6a6f1feeb030596f478105a4,https://shop1.phinf.naver.net/20260112_155/1768204614094RdKeU_JPEG/102337404233800309_605075143.jpg,포트메리온
12906770734,포트메리온 보타닉 가든 정사각 밀폐 (소) 0.27L,포트메리온 보타닉 가든 정사각 밀폐 (소) 0.27L - 포트메리온 도자기/유리용기세트 제품입니다.,in stock,new,40000 KRW,30000 KRW,https://mkt.shopping.naver.com/link/6a6f1fee14783f7893d150bb,https://shop1.phinf.naver.net/20251231_74/17671693614231lPVq_JPEG/43630707236921801_113866655.jpg,포트메리온
12906703425,포트메리온 보타닉 가든 정사각 밀폐 (대) 0.62L,포트메리온 보타닉 가든 정사각 밀폐 (대) 0.62L - 포트메리온 도자기/유리용기세트 제품입니다.,in stock,new,58000 KRW,43500 KRW,https://mkt.shopping.naver.com/link/6a6f1fee0f7dd04f9d81da97,https://shop1.phinf.naver.net/20251231_239/1767168993068IFMaU_JPEG/101301805199809085_2127090141.jpg,포트메리온
12906700869,포트메리온 보타닉 가든 소접시(D형) 18cm 1p,포트메리온 보타닉 가든 소접시(D형) 18cm 1p - 포트메리온 접시 제품입니다.,in stock,new,36900 KRW,27670 KRW,https://mkt.shopping.naver.com/link/6a6f1fee0f7dd04f9d81da96,https://shop1.phinf.naver.net/20251231_15/1767167909574XQY7a_JPEG/54080165700586698_1166589647.jpg,포트메리온
12906671957,포트메리온 보타닉 가든 직사각 밀폐 (소) 0.35L,포트메리온 보타닉 가든 직사각 밀폐 (소) 0.35L - 포트메리온 도자기/유리용기세트 제품입니다.,in stock,new,47000 KRW,35250 KRW,https://mkt.shopping.naver.com/link/6a6f1feeb030596f478105a5,https://shop1.phinf.naver.net/20251231_128/1767168592247E0VUP_JPEG/101984270291152927_1864451188.jpg,포트메리온
12906578334,포트메리온 보타닉 가든 직사각 밀폐 (중) 0.67L,포트메리온 보타닉 가든 직사각 밀폐 (중) 0.67L - 포트메리온 도자기/유리용기세트 제품입니다.,in stock,new,59000 KRW,44250 KRW,https://mkt.shopping.naver.com/link/6a6f1fee071bd0208e356a6e,https://shop1.phinf.naver.net/20251231_233/1767167120246hmpEV_JPEG/21616331061396029_1820913801.jpg,포트메리온
12906554301,포트메리온 보타닉 가든 직사각 밀폐 (대) 1.2L,포트메리온 보타닉 가든 직사각 밀폐 (대) 1.2L - 포트메리온 도자기/유리용기세트 제품입니다.,in stock,new,73000 KRW,54750 KRW,https://mkt.shopping.naver.com/link/6a6f1fefda16a67bd50a8eb1,https://shop1.phinf.naver.net/20251231_140/1767165874189EPDeq_JPEG/21850898078628857_1032270110.jpg,포트메리온
12906476768,포트메리온 보타닉 가든 직사각 밀폐 (특대) 2.4L,포트메리온 보타닉 가든 직사각 밀폐 (특대) 2.4L - 포트메리온 도자기/유리용기세트 제품입니다.,in stock,new,88000 KRW,66000 KRW,https://mkt.shopping.naver.com/link/6a6f1fef0f7dd04f9d81da98,https://shop1.phinf.naver.net/20251231_217/1767163302644CUt6k_JPEG/101978980674924708_1985283180.jpg,포트메리온
12905874267,포트메리온 킹슬리 커피잔 0.2L 2인조,포트메리온 킹슬리 커피잔 0.2L 2인조 - 포트메리온 찻잔 제품입니다.,in stock,new,149200 KRW,96980 KRW,https://mkt.shopping.naver.com/link/6a6f1fef071bd0208e356a6f,https://shop1.phinf.naver.net/20260618_18/17817492905008flVz_JPEG/56146212909916075_1753457852.jpg,포트메리온
12900375163,"포트메리온 베리에이션 벨머그 0.28L 2p (D,E)","포트메리온 베리에이션 벨머그 0.28L 2p (D,E) - 포트메리온 머그 제품입니다.",in stock,new,83400 KRW,62550 KRW,https://mkt.shopping.naver.com/link/6a6f1fef14783f7893d150bc,https://shop1.phinf.naver.net/20260615_228/1781512077592cA0mK_JPEG/115644866723032511_778518235.jpg,포트메리온
12900362581,"포트메리온 베리에이션 벨머그 0.28L 1p (D,E)","포트메리온 베리에이션 벨머그 0.28L 1p (D,E) - 포트메리온 머그 제품입니다.",in stock,new,41700 KRW,31270 KRW,https://mkt.shopping.naver.com/link/6a6f1fef071bd0208e356a70,https://shop1.phinf.naver.net/20251230_166/1767064256108uQrat_JPEG/38456530921789560_2122053506.jpg,포트메리온
12896609266,포트메리온 베리에이션 샐러드볼 HM 17cm 1p,포트메리온 베리에이션 샐러드볼 HM 17cm 1p - 포트메리온 볼 제품입니다.,in stock,new,86800 KRW,65100 KRW,https://mkt.shopping.naver.com/link/6a6f1fef77b14c40780d7882,https://shop1.phinf.naver.net/20251229_189/176699785976797zJR_JPEG/101130827868431361_844438614.jpg,포트메리온
12896561941,포트메리온 베리에이션 브리스톨머그 0.5L 1p,포트메리온 베리에이션 브리스톨머그 0.5L 1p - 포트메리온 머그 제품입니다.,in stock,new,76800 KRW,57600 KRW,https://mkt.shopping.naver.com/link/6a6f1fef3fc0f74b5414b644,https://shop1.phinf.naver.net/20251229_235/1766996733482sDOiD_JPEG/28333980594128441_1892642681.jpg,포트메리온
12896442869,포트메리온 뉴베리에이션 피어스드 샌드위치트레이 34cm 1p,포트메리온 뉴베리에이션 피어스드 샌드위치트레이 34cm 1p - 포트메리온 접시 제품입니다.,in stock,new,87000 KRW,73950 KRW,https://mkt.shopping.naver.com/link/6a6f1fefb030596f478105a7,https://shop1.phinf.naver.net/20251229_19/1766994951608dhfll_JPEG/28332198712642476_786951491.jpg,포트메리온
12896398430,포트메리온 패딩턴 베어 어린이 양손머그 0.22L 1p,포트메리온 패딩턴 베어 어린이 양손머그 0.22L 1p - 포트메리온 머그 제품입니다.,in stock,new,15500 KRW,9300 KRW,https://mkt.shopping.naver.com/link/6a6f1fefb030596f478105a6,https://shop1.phinf.naver.net/20260107_107/1767748797311tMgwi_JPEG/3786564142106109_253076200.jpg,포트메리온
12896384418,포트메리온 패딩턴 베어 어린이 머그 0.22L 1p,포트메리온 패딩턴 베어 어린이 머그 0.22L 1p - 포트메리온 머그 제품입니다.,in stock,new,13500 KRW,8100 KRW,https://mkt.shopping.naver.com/link/6a6f1fef3fc0f74b5414b645,https://shop1.phinf.naver.net/20260107_200/17677489355778E6WR_JPEG/12247932537758109_560677861.jpg,포트메리온
12896344499,포트메리온 패딩턴 베어 런던 머그 0.28L 1p,포트메리온 패딩턴 베어 런던 머그 0.28L 1p - 포트메리온 머그 제품입니다.,in stock,new,16500 KRW,9900 KRW,https://mkt.shopping.naver.com/link/6a6f1fef071bd0208e356a73,https://shop1.phinf.naver.net/20260107_221/1767748402742VHtxn_JPEG/101881175054469074_1653621664.jpg,포트메리온
12896154801,포트메리온 트루 컬러 머그 0.35L 1p,포트메리온 트루 컬러 머그 0.35L 1p - 포트메리온 머그 제품입니다.,in stock,new,19600 KRW,9800 KRW,https://mkt.shopping.naver.com/link/6a6f1fef77b14c40780d7883,https://shop1.phinf.naver.net/20251229_222/17669906207550B4gE_JPEG/9060832563774558_1917977759.jpg,포트메리온
12896085276,포트메리온 포모나 디퓨저 리필 250ml,포트메리온 포모나 디퓨저 리필 250ml - 포트메리온 아로마방향제/디퓨저 제품입니다.,in stock,new,19100 KRW,11460 KRW,https://mkt.shopping.naver.com/link/6a6f1fef77b14c40780d7884,https://shop1.phinf.naver.net/20251229_168/1766988569148xliog_JPEG/47120992000799481_465429658.jpg,포트메리온
12883128742,포트메리온 베리에이션 모카커피(D형) 0.1L 2인조,포트메리온 베리에이션 모카커피(D형) 0.1L 2인조 - 포트메리온 찻잔 제품입니다.,in stock,new,93000 KRW,69750 KRW,https://mkt.shopping.naver.com/link/6a6f1fef0f7dd04f9d81da99,https://shop1.phinf.naver.net/20251226_248/1766738926099Akn0D_JPEG/14714919119674706_1940255303.jpg,포트메리온
12882921760,포트메리온 뉴베리에이션 컨템포러리 머그 0.36L 2p,포트메리온 뉴베리에이션 컨템포러리 머그 0.36L 2p - 포트메리온 머그 제품입니다.,in stock,new,52000 KRW,44200 KRW,https://mkt.shopping.naver.com/link/6a6f1fefda16a67bd50a8eb2,https://shop1.phinf.naver.net/20260615_85/1781512993347s1U6d_JPEG/115645949581313228_1636503669.jpg,포트메리온
12882850011,"포트메리온 뉴베리에이션 BF머그 0.26L 2p (A,B)","포트메리온 뉴베리에이션 BF머그 0.26L 2p (A,B) - 포트메리온 머그 제품입니다.",in stock,new,87200 KRW,74120 KRW,https://mkt.shopping.naver.com/link/6a6f1fef071bd0208e356a72,https://shop1.phinf.naver.net/20260612_144/1781250308418gpYmJ_JPEG/5098962392655249_1340936346.jpg,포트메리온
12882492971,포트메리온 보타닉 가든 하모니 접시 대중 2p 세트,포트메리온 보타닉 가든 하모니 접시 대중 2p 세트 - 포트메리온 접시 제품입니다.,in stock,new,92000 KRW,69000 KRW,https://mkt.shopping.naver.com/link/6a6f1fef26a1f61dceb904db,https://shop1.phinf.naver.net/20251226_156/1766730333966k9XtA_JPEG/41835190081128953_1979846772.jpg,포트메리온
12882347535,포트메리온 티스푼 4p 세트 (모던 / 클래식),포트메리온 티스푼 4p 세트 (모던 / 클래식) - 포트메리온 티스푼/티포크세트 제품입니다.,in stock,new,77200 KRW,30880 KRW,https://mkt.shopping.naver.com/link/6a6f1fef3fc0f74b5414b646,https://shop1.phinf.naver.net/20251226_140/17667280122603VsCc_JPEG/38695502382626459_1297982893.jpg,포트메리온
12873964089,포트메리온 엑소틱 보타닉 가든 커피잔(T형) 0.2L 2인조,포트메리온 엑소틱 보타닉 가든 커피잔(T형) 0.2L 2인조 - 포트메리온 찻잔 제품입니다.,in stock,new,104200 KRW,78150 KRW,https://mkt.shopping.naver.com/link/6a6f1fef071bd0208e356a71,https://shop1.phinf.naver.net/20260618_26/1781749367634JwciY_JPEG/115882301778640056_350049114.jpg,포트메리온
12869197914,(한정수량)포트메리온 엑소틱 보타닉 가든 벨머그 0.28L 2p,(한정수량)포트메리온 엑소틱 보타닉 가든 벨머그 0.28L 2p - 포트메리온 머그 제품입니다.,in stock,new,83400 KRW,37530 KRW,https://mkt.shopping.naver.com/link/6a6f1fef26a1f61dceb904da,https://shop1.phinf.naver.net/20260616_144/1781598785815WK4GS_JPEG/115731719951026451_1506846182.jpg,포트메리온
12869075166,포트메리온 보타닉 가든 접시 대중소 3P 세트,포트메리온 보타닉 가든 접시 대중소 3P 세트 - 포트메리온 접시 제품입니다.,in stock,new,131200 KRW,98400 KRW,https://mkt.shopping.naver.com/link/6a6f1fef77b14c40780d7885,https://shop1.phinf.naver.net/20251223_188/1766467612977Xhvxz_JPEG/42235915083971260_1056337526.jpg,포트메리온
12863634950,"포트메리온 보타닉 가든 커피머그 0.28L 2p (A,D,E)","포트메리온 보타닉 가든 커피머그 0.28L 2p (A,D,E) - 포트메리온 머그 제품입니다.",in stock,new,85600 KRW,64200 KRW,https://mkt.shopping.naver.com/link/6a6f1fefda16a67bd50a8eb3,https://shop1.phinf.naver.net/20260618_146/17817483590928377K_JPEG/115881322205469143_1283462440.jpg,포트메리온
12863483631,포트메리온 뉴베리에이션 라운드플래터 33cm 1P,포트메리온 뉴베리에이션 라운드플래터 33cm 1P - 포트메리온 접시 제품입니다.,in stock,new,88000 KRW,74800 KRW,https://mkt.shopping.naver.com/link/6a6f1fef071bd0208e356a74,https://shop1.phinf.naver.net/20251222_116/1766389700027VuzLW_JPEG/44040595791549469_1006493801.jpg,포트메리온
12863389947,포트메리온 뉴베리에이션 대접시(D형) 26cm 1p (C),포트메리온 뉴베리에이션 대접시(D형) 26cm 1p (C) - 포트메리온 접시 제품입니다.,in stock,new,52000 KRW,44200 KRW,https://mkt.shopping.naver.com/link/6a6f1fefda16a67bd50a8eb4,https://shop1.phinf.naver.net/20250329_64/1743224176652REynl_JPEG/33995037566055616_79019723.jpg,포트메리온
12863238340,포트메리온 뉴베리에이션 수저통&받침(대),포트메리온 뉴베리에이션 수저통&받침(대) - 포트메리온 수저통 제품입니다.,in stock,new,52000 KRW,44200 KRW,https://mkt.shopping.naver.com/link/6a6f1fef0f7dd04f9d81da9b,https://shop1.phinf.naver.net/20251222_96/1766386443451lnEqo_JPEG/39360796316816149_634903856.jpg,포트메리온
12862954831,포트메리온 뉴베리에이션 수저통&받침(소),포트메리온 뉴베리에이션 수저통&받침(소) - 포트메리온 수저통 제품입니다.,in stock,new,46900 KRW,39860 KRW,https://mkt.shopping.naver.com/link/6a6f1fefb030596f478105a8,https://shop1.phinf.naver.net/20251222_293/17663827438074Mnjt_JPEG/84076822622399079_840228390.jpg,포트메리온
12862281792,포트메리온 뉴베리에이션 타원스테이크 28cm 1p,포트메리온 뉴베리에이션 타원스테이크 28cm 1p - 포트메리온 접시 제품입니다.,in stock,new,71900 KRW,61110 KRW,https://mkt.shopping.naver.com/link/6a6f1fef14783f7893d150bd,https://shop1.phinf.naver.net/20251222_19/1766373639362LAfDf_JPEG/100506543490340428_1673576105.jpg,포트메리온
12862258736,포트메리온 뉴베리에이션 타원스테이크 32cm 1p,포트메리온 뉴베리에이션 타원스테이크 32cm 1p - 포트메리온 접시 제품입니다.,in stock,new,100100 KRW,85080 KRW,https://mkt.shopping.naver.com/link/6a6f1fefb030596f478105a9,https://shop1.phinf.naver.net/20251222_192/17663730664485ynSm_JPEG/76496347298741200_514854672.jpg,포트메리온
12850775092,포트메리온 보타닉 가든 커피머그 0.28L 2p,포트메리온 보타닉 가든 커피머그 0.28L 2p - 포트메리온 머그 제품입니다.,in stock,new,85600 KRW,64200 KRW,https://mkt.shopping.naver.com/link/6a6f1fef0f7dd04f9d81da9a,https://shop1.phinf.naver.net/20260618_201/1781748452649p8ete_JPEG/67271224469055940_1061668833.jpg,포트메리온
12814185823,포트메리온 베리에이션 브리스톨머그 0.35L 1p,포트메리온 베리에이션 브리스톨머그 0.35L 1p - 포트메리온 머그 제품입니다.,in stock,new,68800 KRW,48160 KRW,https://mkt.shopping.naver.com/link/6a6f1fef77b14c40780d7886,https://shop1.phinf.naver.net/20251212_291/17655243126905iPYK_JPEG/99657143676209576_297311513.jpg,포트메리온
12813379282,포트메리온 보타닉 로즈 브레드접시(R형) 16cm 1p,포트메리온 보타닉 로즈 브레드접시(R형) 16cm 1p - 포트메리온 접시 제품입니다.,in stock,new,34900 KRW,21980 KRW,https://mkt.shopping.naver.com/link/6a6f1fef0f7dd04f9d81da9c,https://shop1.phinf.naver.net/20251212_149/1765523138387YEeE1_JPEG/46764333351074125_82772576.jpg,포트메리온
12809553060,포트메리온 보타닉 가든 브리스톨머그 HM 0.22L 1p,포트메리온 보타닉 가든 브리스톨머그 HM 0.22L 1p - 포트메리온 머그 제품입니다.,in stock,new,61500 KRW,46120 KRW,https://mkt.shopping.naver.com/link/6a6f1fef77b14c40780d7887,https://shop1.phinf.naver.net/20251212_33/1765500065873YLiVq_JPEG/99632838151973170_1354132732.jpg,포트메리온
12809474435,포트메리온 보타닉 가든 브리스톨머그 0.35L 1p,포트메리온 보타닉 가든 브리스톨머그 0.35L 1p - 포트메리온 머그 제품입니다.,in stock,new,67100 KRW,50320 KRW,https://mkt.shopping.naver.com/link/6a6f1fef14783f7893d150bf,https://shop1.phinf.naver.net/20251211_91/1765435225684CDMLL_JPEG/99568075800743953_1547927222.jpg,포트메리온
12808606681,"포트메리온 보타닉 가든 브리스톨머그 HM 0.35L 1p (B,C)","포트메리온 보타닉 가든 브리스톨머그 HM 0.35L 1p (B,C) - 포트메리온 머그 제품입니다.",in stock,new,67100 KRW,50320 KRW,https://mkt.shopping.naver.com/link/6a6f1fefc6480f0d46eea743,https://shop1.phinf.naver.net/20251211_93/1765423329426nWBx6_JPEG/2724065700370339_567828856.jpg,포트메리온
12808543874,"포트메리온 보타닉 가든 브리스톨머그 HM 0.5L 1p (A,B)","포트메리온 보타닉 가든 브리스톨머그 HM 0.5L 1p (A,B) - 포트메리온 머그 제품입니다.",in stock,new,75000 KRW,56250 KRW,https://mkt.shopping.naver.com/link/6a6f1fefb030596f478105ab,https://shop1.phinf.naver.net/20251211_208/1765422632237heDzk_JPEG/99555463225619868_160777504.jpg,포트메리온
12805167091,포트메리온 보타닉 가든 머그 뚜껑 받침(소) 9.5cm 1p,포트메리온 보타닉 가든 머그 뚜껑 받침(소) 9.5cm 1p - 포트메리온 머그 제품입니다.,in stock,new,8600 KRW,6450 KRW,https://mkt.shopping.naver.com/link/6a6f1fef77b14c40780d7888,https://shop1.phinf.naver.net/20251211_11/1765414198300SQLL8_JPEG/42827280416084326_1604787343.jpg,포트메리온
12804879795,포트메리온 보타닉 가든 머그 뚜껑 받침(대) 10.5cm 1p,포트메리온 보타닉 가든 머그 뚜껑 받침(대) 10.5cm 1p - 포트메리온 머그 제품입니다.,in stock,new,9000 KRW,6750 KRW,https://mkt.shopping.naver.com/link/6a6f1fefb030596f478105aa,https://shop1.phinf.naver.net/20251210_162/1765345282810WbyJ9_JPEG/99478095943182265_1982236425.jpg,포트메리온
12774871943,포트메리온 보타닉 가든 머그 뚜껑 받침(대) 10.5cm 1p (D세트),포트메리온 보타닉 가든 머그 뚜껑 받침(대) 10.5cm 1p (D세트) - 포트메리온 머그 제품입니다.,in stock,new,9000 KRW,6750 KRW,https://mkt.shopping.naver.com/link/6a6f1fef14783f7893d150be,https://shop1.phinf.naver.net/20251204_239/1764827666351ljMWY_JPEG/98960529477330546_1791727089.jpg,포트메리온
12760585141,포트메리온 다이아몬드 주빌리 머그 0.28L 1p,포트메리온 다이아몬드 주빌리 머그 0.28L 1p - 포트메리온 머그 제품입니다.,in stock,new,43800 KRW,30660 KRW,https://mkt.shopping.naver.com/link/6a6f1fefda16a67bd50a8eb5,https://shop1.phinf.naver.net/20251208_233/1765180613708vf8c2_JPEG/19753096346762836_638219769.jpg,포트메리온
12748533496,포트메리온 보타닉 가든 키친툴 7P 세트,포트메리온 보타닉 가든 키친툴 7P 세트 - 포트메리온 조리도구세트 제품입니다.,in stock,new,301000 KRW,90300 KRW,https://mkt.shopping.naver.com/link/6a6f1fef071bd0208e356a75,https://shop1.phinf.naver.net/20260408_34/1775617701002ftlun_JPEG/24946510149074669_1865303252.jpg,포트메리온
12748467795,포트메리온 디저트포크 4p 세트 (모던 / 클래식),포트메리온 디저트포크 4p 세트 (모던 / 클래식) - 포트메리온 티스푼/티포크세트 제품입니다.,in stock,new,77200 KRW,30880 KRW,https://mkt.shopping.naver.com/link/6a6f1fef77b14c40780d7889,https://shop1.phinf.naver.net/20250521_112/1747815308317Peqm2_JPEG/76404935398961063_684225082.jpg,포트메리온
12746983187,포트메리온 보타닉 가든 면 매트 친츠 4p,포트메리온 보타닉 가든 면 매트 친츠 4p - 포트메리온 식탁매트 제품입니다.,in stock,new,112800 KRW,84600 KRW,https://mkt.shopping.naver.com/link/6a6f1fefc6480f0d46eea745,https://shop1.phinf.naver.net/20251128_254/17642970325183kx8p_JPEG/68696310365255189_1633084159.jpg,포트메리온
12746913387,포트메리온 보타닉 가든 뚜껑냄비(D형) 1.7L,포트메리온 보타닉 가든 뚜껑냄비(D형) 1.7L - 포트메리온 전자레인지/오븐 용기 제품입니다.,in stock,new,141000 KRW,105750 KRW,https://mkt.shopping.naver.com/link/6a6f1fef071bd0208e356a76,https://shop1.phinf.naver.net/20251209_10/17652670203707gEOa_JPEG/33691615474707895_1091347798.jpg,포트메리온
12736622589,포트메리온 포모나 점보컵 0.5L 1인조,포트메리온 포모나 점보컵 0.5L 1인조 - 포트메리온 찻잔 제품입니다.,in stock,new,94000 KRW,56400 KRW,https://mkt.shopping.naver.com/link/6a6f1fefc6480f0d46eea746,https://shop1.phinf.naver.net/20251126_259/1764126098082EQtwx_JPEG/16_main.jpg,포트메리온
12736622588,포트메리온 포모나 BF커피잔(T형) 0.28L 1인조,포트메리온 포모나 BF커피잔(T형) 0.28L 1인조 - 포트메리온 찻잔 제품입니다.,in stock,new,61100 KRW,36660 KRW,https://mkt.shopping.naver.com/link/6a6f1fef3fc0f74b5414b647,https://shop1.phinf.naver.net/20251126_251/1764126097556Y2cua_JPEG/15_main.jpg,포트메리온
12736622587,포트메리온 보타닉 가든 12개월 브리스톨머그 0.28L 1p,포트메리온 보타닉 가든 12개월 브리스톨머그 0.28L 1p - 포트메리온 머그 제품입니다.,in stock,new,64900 KRW,48670 KRW,https://mkt.shopping.naver.com/link/6a6f1fefc6480f0d46eea744,https://shop1.phinf.naver.net/20251211_183/1765418899459lWiDT_JPEG/2719635730325108_595448736.jpg,포트메리온
12736622586,포트메리온 포모나 2단 케익 (R) 25cm,포트메리온 포모나 2단 케익 (R) 25cm - 포트메리온 접시 제품입니다.,in stock,new,167200 KRW,100320 KRW,https://mkt.shopping.naver.com/link/6a6f1fef071bd0208e356a77,https://shop1.phinf.naver.net/20260608_205/17809065096105kJeT_JPEG/58429186486456987_1907124578.jpg,포트메리온
12736622585,포트메리온 보타닉 가든 피어스드 라운드 트레이 33cm 1p,포트메리온 보타닉 가든 피어스드 라운드 트레이 33cm 1p - 포트메리온 접시 제품입니다.,in stock,new,98000 KRW,73500 KRW,https://mkt.shopping.naver.com/link/6a6f1fef26a1f61dceb904dc,https://shop1.phinf.naver.net/20251211_178/1765414716143mWauz_JPEG/2715452398445926_787279810.jpg,포트메리온
12736622584,포트메리온 보타닉 가든 컴포트 30cm 1p,포트메리온 보타닉 가든 컴포트 30cm 1p - 포트메리온 접시 제품입니다.,in stock,new,196200 KRW,147150 KRW,https://mkt.shopping.naver.com/link/6a6f1fef0f7dd04f9d81da9d,https://shop1.phinf.naver.net/20251126_168/1764126094696oYqhG_JPEG/11_main.jpg,포트메리온
12736622583,포트메리온 보타닉 가든 대접시(D형) 26cm 1p,포트메리온 보타닉 가든 대접시(D형) 26cm 1p - 포트메리온 접시 제품입니다.,in stock,new,50300 KRW,37720 KRW,https://mkt.shopping.naver.com/link/6a6f1fefb030596f478105ac,https://shop1.phinf.naver.net/20251128_156/1764291557802f6wln_JPEG/6973111565736085_58459898.jpg,포트메리온
12736622581,(한정수량)포트메리온 보타닉 가든 라자니아(대) 36cm 1p,(한정수량)포트메리온 보타닉 가든 라자니아(대) 36cm 1p - 포트메리온 접시 제품입니다.,in stock,new,154000 KRW,77000 KRW,https://mkt.shopping.naver.com/link/6a6f1fefda16a67bd50a8eb6,https://shop1.phinf.naver.net/20251126_36/1764126092948n21f1_JPEG/9_main.jpg,포트메리온
12736622580,포트메리온 보타닉 가든 라운드플래터 33cm 1p,포트메리온 보타닉 가든 라운드플래터 33cm 1p - 포트메리온 접시 제품입니다.,in stock,new,87000 KRW,65250 KRW,https://mkt.shopping.naver.com/link/6a6f1fef071bd0208e356a79,https://shop1.phinf.naver.net/20251126_33/1764126092309BdkSB_JPEG/8_main.jpg,포트메리온
12736622579,포트메리온 보타닉 가든 피어스드 푸티드 컴포트 20cm 1p,포트메리온 보타닉 가든 피어스드 푸티드 컴포트 20cm 1p - 포트메리온 볼 제품입니다.,in stock,new,83000 KRW,62250 KRW,https://mkt.shopping.naver.com/link/6a6f1fef26a1f61dceb904dd,https://shop1.phinf.naver.net/20251126_277/1764126091616q75AU_JPEG/7_main.jpg,포트메리온
12736622578,포트메리온 보타닉 가든 피어스드 딥볼 28cm 1p,포트메리온 보타닉 가든 피어스드 딥볼 28cm 1p - 포트메리온 볼 제품입니다.,in stock,new,110000 KRW,82500 KRW,https://mkt.shopping.naver.com/link/6a6f1fef77b14c40780d788b,https://shop1.phinf.naver.net/20251126_174/1764126091127CHLj3_JPEG/6_main.jpg,포트메리온
12736622577,포트메리온 보타닉 가든 피어스드 브레드 바스켓 24cm 1p,포트메리온 보타닉 가든 피어스드 브레드 바스켓 24cm 1p - 포트메리온 볼 제품입니다.,in stock,new,91000 KRW,68250 KRW,https://mkt.shopping.naver.com/link/6a6f1fef071bd0208e356a78,https://shop1.phinf.naver.net/20251126_105/176412609066573CA9_JPEG/5_main.jpg,포트메리온
12736622576,포트메리온 보타닉 가든 촛대 19cm 1p,포트메리온 보타닉 가든 촛대 19cm 1p - 포트메리온 촛대/홀더 제품입니다.,in stock,new,39600 KRW,29700 KRW,https://mkt.shopping.naver.com/link/6a6f1fefda16a67bd50a8eb7,https://shop1.phinf.naver.net/20251126_14/1764126090273JzjGU_JPEG/4_main.jpg,포트메리온
12736622575,포트메리온 보타닉 가든 챔버스틱 촛대 15cm 1p,포트메리온 보타닉 가든 챔버스틱 촛대 15cm 1p - 포트메리온 촛대/홀더 제품입니다.,in stock,new,35000 KRW,26250 KRW,https://mkt.shopping.naver.com/link/6a6f1fef77b14c40780d788a,https://shop1.phinf.naver.net/20251211_264/1765415260882c9oT3_JPEG/2632043716789972_1023140161.jpg,포트메리온
12736622574,포트메리온 보타닉 가든 오일버너 HM 12cm 1p,포트메리온 보타닉 가든 오일버너 HM 12cm 1p - 포트메리온 기타아로마/캔들용품 제품입니다.,in stock,new,46000 KRW,34500 KRW,https://mkt.shopping.naver.com/link/6a6f1fef0f7dd04f9d81da9e,https://shop1.phinf.naver.net/20251126_197/1764126089395NW3Ve_JPEG/2_main.jpg,포트메리온
12736622573,포트메리온 보타닉 가든 세라믹 캔들 155g,포트메리온 보타닉 가든 세라믹 캔들 155g - 포트메리온 초/향초 제품입니다.,in stock,new,28400 KRW,21300 KRW,https://mkt.shopping.naver.com/link/6a6f1fef26a1f61dceb904de,https://shop1.phinf.naver.net/20251126_72/17641260883390gFxn_JPEG/1_main.jpg,포트메리온
12717249234,포트메리온 보타닉 가든 라자니아(중) 32cm 1p,포트메리온 보타닉 가든 라자니아(중) 32cm 1p - 포트메리온 접시 제품입니다.,in stock,new,124000 KRW,93000 KRW,https://mkt.shopping.naver.com/link/6a6f1fef071bd0208e356a7a,https://shop1.phinf.naver.net/20251121_193/1763711426428i1VJg_JPEG/25048673509216848_1009882337.jpg,포트메리온
12717138746,포트메리온 보타닉 가든 라자니아(소) 21cm 1p,포트메리온 보타닉 가든 라자니아(소) 21cm 1p - 포트메리온 접시 제품입니다.,out of stock,new,68000 KRW,51000 KRW,https://mkt.shopping.naver.com/link/6a9ca9567a192905d5e974ee,https://shop1.phinf.naver.net/20251121_211/1763709511578CuCuS_JPEG/97842361707994962_1297996310.jpg,포트메리온
12716184322,포트메리온 보타닉 가든 피어스드 샌드위치트레이 33 cm 1p,포트메리온 보타닉 가든 피어스드 샌드위치트레이 33 cm 1p - 포트메리온 접시 제품입니다.,in stock,new,85000 KRW,63750 KRW,https://mkt.shopping.naver.com/link/6a6f1fef071bd0208e356a7b,https://shop1.phinf.naver.net/20251121_135/1763693929982KQANu_JPEG/36293794089195111_1950352352.jpg,포트메리온
12712517309,포트메리온 포모나 파스타볼 22cm 1p,포트메리온 포모나 파스타볼 22cm 1p - 포트메리온 볼 제품입니다.,in stock,new,47700 KRW,28620 KRW,https://mkt.shopping.naver.com/link/6a6f1fef0f7dd04f9d81da9f,https://shop1.phinf.naver.net/20251120_149/1763627156230r7l5A_JPEG/92142513272995756_1105123676.jpg,포트메리온
12712471492,포트메리온 포모나 틴케이스 캔들(소) 170G,포트메리온 포모나 틴케이스 캔들(소) 170G - 포트메리온 초/향초 제품입니다.,in stock,new,18600 KRW,11160 KRW,https://mkt.shopping.naver.com/link/6a6f1fef77b14c40780d788c,https://shop1.phinf.naver.net/20251120_141/17636261175675tRkC_JPEG/92141474600715138_578206744.jpg,포트메리온
12711035061,포트메리온 포모나 뚜껑설탕(R형) 0.26L,포트메리온 포모나 뚜껑설탕(R형) 0.26L - 포트메리온 양념통/설탕프림기 제품입니다.,in stock,new,64800 KRW,38880 KRW,https://mkt.shopping.naver.com/link/6a6f1fef071bd0208e356a7c,https://shop1.phinf.naver.net/20251120_188/1763607273490mUlQD_JPEG/17782526298485990_2022155854.jpg,포트메리온
12710891497,포트메리온 포모나 뉴볼 17cm 1p,포트메리온 포모나 뉴볼 17cm 1p - 포트메리온 볼 제품입니다.,in stock,new,37200 KRW,22320 KRW,https://mkt.shopping.naver.com/link/6a6f1fef0f7dd04f9d81daa0,https://shop1.phinf.naver.net/20260319_129/1773889862478LKWdH_JPEG/37556991586890771_1911547111.jpg,포트메리온
12705756232,포트메리온 포모나 뉴볼 13cm 1p,포트메리온 포모나 뉴볼 13cm 1p - 포트메리온 볼 제품입니다.,out of stock,new,34300 KRW,20580 KRW,https://mkt.shopping.naver.com/link/6a9ca95624d89e7244ea1d1c,https://shop1.phinf.naver.net/20251209_205/1765268333977yiqL5_JPEG/56454513766076863_285570916.jpg,포트메리온
12705576406,포트메리온 포모나 중접시(R형) 21cm 1p,포트메리온 포모나 중접시(R형) 21cm 1p - 포트메리온 접시 제품입니다.,in stock,new,44000 KRW,26400 KRW,https://mkt.shopping.naver.com/link/6a6f1fefc6480f0d46eea747,https://shop1.phinf.naver.net/20251119_202/1763521294599Tlfj5_JPEG/13307778547824242_407835522.jpg,포트메리온
12663587004,포트메리온 보타닉 가든 뉴볼 13cm 1p,포트메리온 보타닉 가든 뉴볼 13cm 1p - 포트메리온 볼 제품입니다.,in stock,new,34300 KRW,25720 KRW,https://mkt.shopping.naver.com/link/6a6f1fefda16a67bd50a8eb8,https://shop1.phinf.naver.net/20251110_247/1762751087339Xa1TE_JPEG/2420542323601919_2039425820.jpg,포트메리온
12663529783,포트메리온 베리에이션 파스타볼 22cm 1p,포트메리온 베리에이션 파스타볼 22cm 1p - 포트메리온 볼 제품입니다.,in stock,new,47700 KRW,33390 KRW,https://mkt.shopping.naver.com/link/6a6f1fefda16a67bd50a8eb9,https://shop1.phinf.naver.net/20251110_242/1762750456563M3urH_JPEG/12516643707722438_1401881232.jpg,포트메리온
12663487344,"포트메리온 베리에이션 벨머그 0.28L 1p (A,B)","포트메리온 베리에이션 벨머그 0.28L 1p (A,B) - 포트메리온 머그 제품입니다.",in stock,new,41700 KRW,29190 KRW,https://mkt.shopping.naver.com/link/6a6f1fef3fc0f74b5414b648,https://shop1.phinf.naver.net/20251110_138/17627500279327dbIV_JPEG/25740881084424057_2116680153.jpg,포트메리온
12663459324,포트메리온 베리에이션 BF머그 0.26L 1p (A),포트메리온 베리에이션 BF머그 0.26L 1p (A) - 포트메리온 머그 제품입니다.,in stock,new,42500 KRW,29750 KRW,https://mkt.shopping.naver.com/link/6a6f1fef0f7dd04f9d81daa1,https://shop1.phinf.naver.net/20251110_18/1762749466329Gz7oA_JPEG/39211377479798422_428310998.jpg,포트메리온
12663168932,포트메리온 시티스케이프 티컵 앤 소서 0.28L 1인조,포트메리온 시티스케이프 티컵 앤 소서 0.28L 1인조 - 포트메리온 찻잔 제품입니다.,in stock,new,54600 KRW,38220 KRW,https://mkt.shopping.naver.com/link/6a6f1fef0f7dd04f9d81daa2,https://shop1.phinf.naver.net/20250722_272/1753154498759nr4eF_JPEG/87287297902946536_548625583.jpg,포트메리온
12662720096,포트메리온 보타닉 가든 핸드그라탕(소) 25cm 1p,포트메리온 보타닉 가든 핸드그라탕(소) 25cm 1p - 포트메리온 접시 제품입니다.,in stock,new,83500 KRW,62620 KRW,https://mkt.shopping.naver.com/link/6a6f1fef071bd0208e356a7d,https://shop1.phinf.naver.net/20251110_261/1762735010621W993C_JPEG/9496553605499638_2014629450.jpg,포트메리온
12662703565,포트메리온 보타닉 가든 오발베이킹(중) 36cm 1p,포트메리온 보타닉 가든 오발베이킹(중) 36cm 1p - 포트메리온 접시 제품입니다.,in stock,new,155100 KRW,116320 KRW,https://mkt.shopping.naver.com/link/6a6f1fefda16a67bd50a8eba,https://shop1.phinf.naver.net/20251110_188/1762734214922hoFjN_JPEG/96867086051248562_872155662.jpg,포트메리온
12651398728,포트메리온 핌퍼넬 아메리칸 플래그 코스터 10.5cm 6p,포트메리온 핌퍼넬 아메리칸 플래그 코스터 10.5cm 6p - 포트메리온 컵받침/홀더 제품입니다.,in stock,new,26400 KRW,18480 KRW,https://mkt.shopping.naver.com/link/6a6f1fef26a1f61dceb904df,https://shop1.phinf.naver.net/20251107_107/1762501317820GWTGq_JPEG/16_main.jpg,포트메리온
12651395572,포트메리온 로지 리 라운드 코스터 10.5cm 4p,포트메리온 로지 리 라운드 코스터 10.5cm 4p - 포트메리온 컵받침/홀더 제품입니다.,in stock,new,31800 KRW,19080 KRW,https://mkt.shopping.naver.com/link/6a6f1fef77b14c40780d788d,https://shop1.phinf.naver.net/20260529_175/178003190527364P2E_JPEG/113785103765046615_1257250075.jpg,포트메리온
12651376841,포트메리온 렌데일 디자인 도마(소) 35cm 1p,포트메리온 렌데일 디자인 도마(소) 35cm 1p - 포트메리온 도마 제품입니다.,in stock,new,36300 KRW,25410 KRW,https://mkt.shopping.naver.com/link/6a6f1fef0f7dd04f9d81daa3,https://shop1.phinf.naver.net/20251107_24/1762501353815rA0lY_JPEG/20_main.jpg,포트메리온
12651376817,포트메리온 렌데일 디자인 도마(대) 45cm 1p,포트메리온 렌데일 디자인 도마(대) 45cm 1p - 포트메리온 도마 제품입니다.,in stock,new,41600 KRW,29120 KRW,https://mkt.shopping.naver.com/link/6a6f1fef26a1f61dceb904e0,https://shop1.phinf.naver.net/20251107_290/1762501350686U8wsa_JPEG/19_main.jpg,포트메리온
12651376815,포트메리온 핌퍼넬 서큐런트 코스터 10.5cm 6p,포트메리온 핌퍼넬 서큐런트 코스터 10.5cm 6p - 포트메리온 컵받침/홀더 제품입니다.,in stock,new,26400 KRW,18480 KRW,https://mkt.shopping.naver.com/link/6a6f1fefb030596f478105ad,https://shop1.phinf.naver.net/20251107_207/1762501309153ErBnH_JPEG/15_main.jpg,포트메리온
12651376814,포트메리온 보타닉 가든 오븐글러브 32cm 1p,포트메리온 보타닉 가든 오븐글러브 32cm 1p - 포트메리온 주방장갑 제품입니다.,out of stock,new,20700 KRW,15520 KRW,https://mkt.shopping.naver.com/link/6a9ca9566c48fc7df4a0ebcc,https://shop1.phinf.naver.net/20251202_245/1764635234084bgNWm_JPEG/10776897203588450_324146965.jpg,포트메리온
12651376813,포트메리온 보타닉 허밍버드 카나페디쉬 18cm 1p,포트메리온 보타닉 허밍버드 카나페디쉬 18cm 1p - 포트메리온 접시 제품입니다.,in stock,new,38900 KRW,26840 KRW,https://mkt.shopping.naver.com/link/6a6f1fef071bd0208e356a7e,https://shop1.phinf.naver.net/20251107_122/1762501300645TKoGa_JPEG/13_main.jpg,포트메리온
12651376812,포트메리온 보타닉 허밍버드 사각 양손잡이 디저트 접시 32cm 1p,포트메리온 보타닉 허밍버드 사각 양손잡이 디저트 접시 32cm 1p - 포트메리온 접시 제품입니다.,in stock,new,104400 KRW,73080 KRW,https://mkt.shopping.naver.com/link/6a6f1fef14783f7893d150c0,https://shop-phinf.pstatic.net/20251202_138/1764635299007kwwgd_JPEG/82638965795161000_87810251.jpg,포트메리온
12651376811,포트메리온 보타닉 가든 플랜접시 HM 27cm 1p,포트메리온 보타닉 가든 플랜접시 HM 27cm 1p - 포트메리온 접시 제품입니다.,in stock,new,82000 KRW,61500 KRW,https://mkt.shopping.naver.com/link/6a6f1ff0071bd0208e356a7f,https://shop1.phinf.naver.net/20251107_82/1762501272059agWUG_JPEG/11_main.jpg,포트메리온
12651376810,포트메리온 보타닉 가든 타원스테이크 HM 28cm 1p,포트메리온 보타닉 가든 타원스테이크 HM 28cm 1p - 포트메리온 접시 제품입니다.,in stock,new,60000 KRW,45000 KRW,https://mkt.shopping.naver.com/link/6a6f1ff0071bd0208e356a81,https://shop1.phinf.naver.net/20251107_242/1762501271273GL21l_JPEG/10_main.jpg,포트메리온
12651376809,포트메리온 보타닉 가든 중접시(D형) 21cm 1p,포트메리온 보타닉 가든 중접시(D형) 21cm 1p - 포트메리온 접시 제품입니다.,in stock,new,44000 KRW,33000 KRW,https://mkt.shopping.naver.com/link/6a6f1ff0071bd0208e356a80,https://shop1.phinf.naver.net/20260527_134/17798705614021xpEX_JPEG/114003374615748770_2136640240.jpg,포트메리온
12651376808,포트메리온 보타닉 가든 원 삼절 24cm 1p (스위트피),포트메리온 보타닉 가든 원 삼절 24cm 1p (스위트피) - 포트메리온 접시 제품입니다.,in stock,new,97000 KRW,67900 KRW,https://mkt.shopping.naver.com/link/6a9ca9568a20a72cfec87cfc,https://shop1.phinf.naver.net/20251110_296/1762738869658CUX1E_JPEG/17426912645737727_242515919.jpg,포트메리온
12651376807,포트메리온 보타닉 가든 버드 샐러드볼 17cm 1p,포트메리온 보타닉 가든 버드 샐러드볼 17cm 1p - 포트메리온 볼 제품입니다.,in stock,new,86800 KRW,60760 KRW,https://mkt.shopping.naver.com/link/6a6f1ff0b030596f478105ae,https://shop1.phinf.naver.net/20251107_147/1762501262627DhoNo_JPEG/7_main.jpg,포트메리온
12651376806,포트메리온 보타닉 가든 버드 라자니아(중) 31cm 1p,포트메리온 보타닉 가든 버드 라자니아(중) 31cm 1p - 포트메리온 접시 제품입니다.,in stock,new,124000 KRW,74400 KRW,https://mkt.shopping.naver.com/link/6a6f1ff026a1f61dceb904e1,https://shop1.phinf.naver.net/20251202_154/17646353560305mKkb_JPEG/98111907073791463_327358441.jpg,포트메리온
12651376805,포트메리온 보타닉 가든 버드 대접 14cm 1p,포트메리온 보타닉 가든 버드 대접 14cm 1p - 포트메리온 대접 제품입니다.,in stock,new,48700 KRW,34090 KRW,https://mkt.shopping.naver.com/link/6a6f1ff0071bd0208e356a82,https://shop1.phinf.naver.net/20251107_36/1762501231966yu0YS_JPEG/5_main.jpg,포트메리온
12651376804,포트메리온 시티스케이프 머그 0.43L 1p,포트메리온 시티스케이프 머그 0.43L 1p - 포트메리온 머그 제품입니다.,in stock,new,29700 KRW,20790 KRW,https://mkt.shopping.naver.com/link/6a6f1ff0b030596f478105af,https://shop1.phinf.naver.net/20250722_270/1753163520495V0X5r_JPEG/1033014241101562_1540332305.jpg,포트메리온
12651376803,보타닉 가든 메저링컵 4p,보타닉 가든 메저링컵 4p - 포트메리온 계량컵 제품입니다.,in stock,new,62000 KRW,46500 KRW,https://mkt.shopping.naver.com/link/6a6f1ff03fc0f74b5414b649,https://shop-phinf.pstatic.net/20251107_208/17625012224127UVmm_JPEG/3_main.jpg,포트메리온
12651376802,포트메리온 보타닉 가든 버드 커피잔(T형) 0.2L 1인조,포트메리온 보타닉 가든 버드 커피잔(T형) 0.2L 1인조 - 포트메리온 찻잔 제품입니다.,in stock,new,52100 KRW,36470 KRW,https://mkt.shopping.naver.com/link/6a6f1ff00f7dd04f9d81daa4,https://shop1.phinf.naver.net/20251107_195/1762501219903L74lN_JPEG/2_main.jpg,포트메리온
12651376801,(핫딜)포트메리온 보타닉 가든 버드 커피머그 0.28L 1p,(핫딜)포트메리온 보타닉 가든 버드 커피머그 0.28L 1p - 포트메리온 머그 제품입니다.,in stock,new,42800 KRW,20000 KRW,https://mkt.shopping.naver.com/link/6a6f1ff077b14c40780d788e,https://shop1.phinf.naver.net/20251107_28/1762501216868LqMvR_JPEG/1_main.jpg,포트메리온
12645907710,포트메리온 보타닉 가든 미니디쉬 HM 10cm 1p,포트메리온 보타닉 가든 미니디쉬 HM 10cm 1p - 포트메리온 접시 제품입니다.,in stock,new,18000 KRW,13500 KRW,https://mkt.shopping.naver.com/link/6a6f1ff014783f7893d150c1,https://shop1.phinf.naver.net/20251226_275/1766709899592dEKq6_JPEG/49140799929123292_2084874277.jpg,포트메리온
12644211951,포트메리온 보타닉 가든 스태킹볼 16.5cm 1p,포트메리온 보타닉 가든 스태킹볼 16.5cm 1p - 포트메리온 볼 제품입니다.,in stock,new,64200 KRW,48150 KRW,https://mkt.shopping.naver.com/link/6a6f1ff00f7dd04f9d81daa5,https://shop1.phinf.naver.net/20251106_151/1762398928483eJvOe_JPEG/6_main.jpg,포트메리온
12644211950,포트메리온 보타닉 가든 스태킹볼 14cm 1p (대접),포트메리온 보타닉 가든 스태킹볼 14cm 1p (대접) - 포트메리온 대접 제품입니다.,in stock,new,53400 KRW,40050 KRW,https://mkt.shopping.naver.com/link/6a6f1ff0071bd0208e356a83,https://shop1.phinf.naver.net/20251106_6/1762398924884m0ioF_JPEG/5_main.jpg,포트메리온
12644196710,포트메리온 보타닉 가든 스태킹 소접시 15cm 1p,포트메리온 보타닉 가든 스태킹 소접시 15cm 1p - 포트메리온 접시 제품입니다.,in stock,new,34800 KRW,26100 KRW,https://mkt.shopping.naver.com/link/6a6f1ff077b14c40780d7890,https://shop1.phinf.naver.net/20251106_100/1762413513532bbsJJ_JPEG/15128451669836669_349875363.jpg,포트메리온
12644196709,포트메리온 보타닉 가든 스태킹 중접시 20cm 1p,포트메리온 보타닉 가든 스태킹 중접시 20cm 1p - 포트메리온 접시 제품입니다.,in stock,new,39200 KRW,29400 KRW,https://mkt.shopping.naver.com/link/6a6f1ff026a1f61dceb904e2,https://shop1.phinf.naver.net/20251106_187/1762412964509TL4PD_JPEG/12179151651670764_426918535.jpg,포트메리온
12644196708,포트메리온 보타닉 가든 스태킹 대접시 25cm 1p,포트메리온 보타닉 가든 스태킹 대접시 25cm 1p - 포트메리온 접시 제품입니다.,out of stock,new,46200 KRW,34650 KRW,https://mkt.shopping.naver.com/link/6a9ca9567c3acb4dfa6f3362,https://shop1.phinf.naver.net/20251106_287/17624127127878WhNr_JPEG/44844783888855679_477681477.jpg,포트메리온
12644196707,포트메리온 보타닉 가든 스태킹볼 12cm 1p (공기),포트메리온 보타닉 가든 스태킹볼 12cm 1p (공기) - 포트메리온 공기 제품입니다.,in stock,new,46800 KRW,35100 KRW,https://mkt.shopping.naver.com/link/6a6f1ff077b14c40780d788f,https://shop1.phinf.naver.net/20251106_39/1762398921609Q5vW8_JPEG/4_main.jpg,포트메리온
12644196706,포트메리온 보타닉 가든 스태킹 볼 11cm 1p (공기-소),포트메리온 보타닉 가든 스태킹 볼 11cm 1p (공기-소) - 포트메리온 볼 제품입니다.,in stock,new,42600 KRW,31950 KRW,https://mkt.shopping.naver.com/link/6a6f1ff026a1f61dceb904e3,https://shop1.phinf.naver.net/20251226_220/1766710651912TB9YV_JPEG/36311147020232999_1301932831.jpg,포트메리온
12644196705,포트메리온 보타닉 가든 스태킹 로우볼 13.5cm 1p,포트메리온 보타닉 가든 스태킹 로우볼 13.5cm 1p - 포트메리온 볼 제품입니다.,in stock,new,37100 KRW,27820 KRW,https://mkt.shopping.naver.com/link/6a6f1ff00f7dd04f9d81daa6,https://shop1.phinf.naver.net/20251106_47/1762398907143L81zj_JPEG/2_main.jpg,포트메리온
12644196704,포트메리온 보타닉 가든 스태킹 머그 1p,포트메리온 보타닉 가든 스태킹 머그 1p - 포트메리온 머그 제품입니다.,in stock,new,38800 KRW,29100 KRW,https://mkt.shopping.naver.com/link/6a6f1ff0da16a67bd50a8ebb,https://shop1.phinf.naver.net/20251106_225/1762398902789kCQuX_JPEG/1_main.jpg,포트메리온
12638181771,포트메리온 엑소틱 보타닉 가든 뚜껑냄비(D형) 22cm,포트메리온 엑소틱 보타닉 가든 뚜껑냄비(D형) 22cm - 포트메리온 전자레인지/오븐 용기 제품입니다.,in stock,new,141000 KRW,105750 KRW,https://mkt.shopping.naver.com/link/6a6f1ff03fc0f74b5414b64a,https://shop1.phinf.naver.net/20251105_244/1762310190836HXcSt_JPEG/6_main.jpg,포트메리온
12638181770,포트메리온 엑소틱 보타닉 가든 뚜껑설탕(R형) 0.26L,포트메리온 엑소틱 보타닉 가든 뚜껑설탕(R형) 0.26L - 포트메리온 양념통/설탕프림기 제품입니다.,in stock,new,64800 KRW,48600 KRW,https://mkt.shopping.naver.com/link/6a6f1ff026a1f61dceb904e4,https://shop1.phinf.naver.net/20251105_140/1762310182063saOGh_JPEG/5_main.jpg,포트메리온
12638181769,포트메리온 엑소틱 보타닉 가든 사각냄비받침 20cm 1p,포트메리온 엑소틱 보타닉 가든 사각냄비받침 20cm 1p - 포트메리온 냄비받침 제품입니다.,in stock,new,44000 KRW,33000 KRW,https://mkt.shopping.naver.com/link/6a6f1ff014783f7893d150c2,https://shop1.phinf.naver.net/20251105_81/1762310180839peltG_JPEG/4_main.jpg,포트메리온
12638181768,포트메리온 엑소틱 보타닉 가든 한수저 부부 2벌,포트메리온 엑소틱 보타닉 가든 한수저 부부 2벌 - 포트메리온 수저 제품입니다.,out of stock,new,163600 KRW,81800 KRW,https://mkt.shopping.naver.com/link/6a9ca9567a192905d5e974ef,https://shop1.phinf.naver.net/20251105_186/1762310176041Mdy4u_JPEG/3_main.jpg,포트메리온
12638181767,포트메리온 엑소틱 보타닉 가든 디저트포크 15cm 6p,포트메리온 엑소틱 보타닉 가든 디저트포크 15cm 6p - 포트메리온 티스푼/티포크세트 제품입니다.,in stock,new,142200 KRW,106650 KRW,https://mkt.shopping.naver.com/link/6a6f1ff0c6480f0d46eea748,https://shop1.phinf.naver.net/20260522_287/1779417712166hNFPi_JPEG/32130595317705653_302866240.jpg,포트메리온
12638181766,포트메리온 엑소틱 보타닉 가든 티스푼 15cm 6p,포트메리온 엑소틱 보타닉 가든 티스푼 15cm 6p - 포트메리온 티스푼/티포크세트 제품입니다.,in stock,new,142200 KRW,106650 KRW,https://mkt.shopping.naver.com/link/6a6f1ff077b14c40780d7891,https://shop1.phinf.naver.net/20251105_265/1762310168256OTiqt_JPEG/1_main.jpg,포트메리온
12634158230,포트메리온 엑소틱 보타닉 가든 공기 12cm 1p,포트메리온 엑소틱 보타닉 가든 공기 12cm 1p - 포트메리온 공기 제품입니다.,in stock,new,43400 KRW,32550 KRW,https://mkt.shopping.naver.com/link/6a6f1ff0c6480f0d46eea749,https://shop1.phinf.naver.net/20260417_186/1776392617858n3hVq_JPEG/110525496419750712_768610714.jpg,포트메리온
12634158229,포트메리온 엑소틱 보타닉 가든 대접 14cm 1p,포트메리온 엑소틱 보타닉 가든 대접 14cm 1p - 포트메리온 대접 제품입니다.,in stock,new,48700 KRW,36520 KRW,https://mkt.shopping.naver.com/link/6a6f1ff03fc0f74b5414b64b,https://shop1.phinf.naver.net/20251104_198/17622450271472tyk4_JPEG/7_main.jpg,포트메리온
12634158228,포트메리온 엑소틱 보타닉 가든 대접 14cm 6p,포트메리온 엑소틱 보타닉 가든 대접 14cm 6p - 포트메리온 대접 제품입니다.,in stock,new,292200 KRW,219150 KRW,https://mkt.shopping.naver.com/link/6a6f1ff026a1f61dceb904e5,https://shop1.phinf.naver.net/20251105_86/1762304438411ViTyl_JPEG/37922515883774624_846157438.jpg,포트메리온
12634158226,포트메리온 엑소틱 보타닉 가든 샐러드볼 17cm 1p,포트메리온 엑소틱 보타닉 가든 샐러드볼 17cm 1p - 포트메리온 면기 제품입니다.,in stock,new,86800 KRW,65100 KRW,https://mkt.shopping.naver.com/link/6a6f1ff00f7dd04f9d81daa7,https://shop1.phinf.naver.net/20251104_213/17622450207065yVyz_JPEG/5_main.jpg,포트메리온
12634158225,포트메리온 엑소틱 보타닉 가든 뉴볼 13cm 1p,포트메리온 엑소틱 보타닉 가든 뉴볼 13cm 1p - 포트메리온 볼 제품입니다.,in stock,new,34300 KRW,25720 KRW,https://mkt.shopping.naver.com/link/6a6f1ff03fc0f74b5414b64c,https://shop1.phinf.naver.net/20251104_29/1762245012596ERj2Q_JPEG/4_main.jpg,포트메리온
12634158224,포트메리온 엑소틱 보타닉 가든 뉴볼 17cm 1p,포트메리온 엑소틱 보타닉 가든 뉴볼 17cm 1p - 포트메리온 볼 제품입니다.,in stock,new,37200 KRW,27900 KRW,https://mkt.shopping.naver.com/link/6a6f1ff077b14c40780d7892,https://shop1.phinf.naver.net/20251104_27/1762245009046nO4yB_JPEG/3_main.jpg,포트메리온
12634158223,포트메리온 엑소틱 보타닉 가든 오트밀(D형) 16cm 1p,포트메리온 엑소틱 보타닉 가든 오트밀(D형) 16cm 1p - 포트메리온 볼 제품입니다.,in stock,new,37000 KRW,27750 KRW,https://mkt.shopping.naver.com/link/6a6f1ff00f7dd04f9d81daa8,https://shop1.phinf.naver.net/20251104_104/1762244997493MWHC9_JPEG/2_main.jpg,포트메리온
12634158222,포트메리온 엑소틱 보타닉 가든 파스타볼 22cm 1p,포트메리온 엑소틱 보타닉 가든 파스타볼 22cm 1p - 포트메리온 볼 제품입니다.,in stock,new,47700 KRW,35770 KRW,https://mkt.shopping.naver.com/link/6a6f1ff014783f7893d150c3,https://shop1.phinf.naver.net/20251104_131/1762244993828ugFig_JPEG/1_main.jpg,포트메리온
12627611656,포트메리온 엑소틱 보타닉 가든 중접시(D형) 21cm 1p,포트메리온 엑소틱 보타닉 가든 중접시(D형) 21cm 1p - 포트메리온 접시 제품입니다.,in stock,new,44000 KRW,26400 KRW,https://mkt.shopping.naver.com/link/6a6f1ff03fc0f74b5414b64d,https://shop1.phinf.naver.net/20251103_160/1762135649015Ug8op_JPEG/2_main.jpg,포트메리온
12627603383,포트메리온 엑소틱 보타닉 가든 오발핸들플래터 46cm 1p,포트메리온 엑소틱 보타닉 가든 오발핸들플래터 46cm 1p - 포트메리온 접시 제품입니다.,in stock,new,146000 KRW,109500 KRW,https://mkt.shopping.naver.com/link/6a6f1ff026a1f61dceb904e6,https://shop1.phinf.naver.net/20251103_235/1762135471024eQa9h_JPEG/6_main.jpg,포트메리온
12627603382,포트메리온 엑소틱 보타닉 가든 타원스테이크 28cm 1p,포트메리온 엑소틱 보타닉 가든 타원스테이크 28cm 1p - 포트메리온 접시 제품입니다.,in stock,new,69200 KRW,51900 KRW,https://mkt.shopping.naver.com/link/6a6f1ff014783f7893d150c4,https://shop1.phinf.naver.net/20251103_288/1762135462477wxQ2R_JPEG/5_main.jpg,포트메리온
12627603381,포트메리온 엑소틱 보타닉 가든 브레드접시(R형) 16cm 1p,포트메리온 엑소틱 보타닉 가든 브레드접시(R형) 16cm 1p - 포트메리온 접시 제품입니다.,in stock,new,34900 KRW,26170 KRW,https://mkt.shopping.naver.com/link/6a6f1ff03fc0f74b5414b64e,https://shop1.phinf.naver.net/20251104_101/1762215791929pMa9y_JPEG/78441106787240043_1064834779.jpg,포트메리온
12627603380,포트메리온 엑소틱 보타닉 가든 대접시(D형) 26cm 1p,포트메리온 엑소틱 보타닉 가든 대접시(D형) 26cm 1p - 포트메리온 접시 제품입니다.,in stock,new,50300 KRW,30180 KRW,https://mkt.shopping.naver.com/link/6a6f1ff0c6480f0d46eea74a,https://shop1.phinf.naver.net/20251103_202/1762135449098yNJ3m_JPEG/3_main.jpg,포트메리온
12627603379,포트메리온 엑소틱 보타닉 가든 소접시(D형) 18cm 1p,포트메리온 엑소틱 보타닉 가든 소접시(D형) 18cm 1p - 포트메리온 접시 제품입니다.,in stock,new,36900 KRW,27670 KRW,https://mkt.shopping.naver.com/link/6a6f1ff0b030596f478105b0,https://shop1.phinf.naver.net/20251103_139/1762135435610hD4NP_JPEG/1_main.jpg,포트메리온
12617403787,포트메리온 보타닉 가든 커피컵(T) 0.11L 1인조,포트메리온 보타닉 가든 커피컵(T) 0.11L 1인조 - 포트메리온 찻잔 제품입니다.,in stock,new,47200 KRW,35400 KRW,https://mkt.shopping.naver.com/link/6a6f1ff026a1f61dceb904e7,https://shop1.phinf.naver.net/20251031_86/1761896910822cqOSd_JPEG/7_main.jpg,포트메리온
12617403786,포트메리온 보타닉 가든 커피잔(D형) 0.2L 1인조,포트메리온 보타닉 가든 커피잔(D형) 0.2L 1인조 - 포트메리온 찻잔 제품입니다.,in stock,new,47700 KRW,35770 KRW,https://mkt.shopping.naver.com/link/6a6f1ff00f7dd04f9d81daa9,https://shop1.phinf.naver.net/20251031_226/1761896893622N9tNc_JPEG/5_main.jpg,포트메리온
12617389838,"보타닉 가든 커피잔(T형) 0.2L 1인조(C,D)","보타닉 가든 커피잔(T형) 0.2L 1인조(C,D) - 포트메리온 찻잔 제품입니다.",in stock,new,52100 KRW,39070 KRW,https://mkt.shopping.naver.com/link/6a6f1ff077b14c40780d7893,https://shop1.phinf.naver.net/20251031_57/1761896903346SNFHd_JPEG/6_main.jpg,포트메리온
12617389837,포트메리온 엑소틱 보타닉 가든 커피잔(T형) 0.2L 1인조,포트메리온 엑소틱 보타닉 가든 커피잔(T형) 0.2L 1인조 - 포트메리온 찻잔 제품입니다.,in stock,new,52100 KRW,39070 KRW,https://mkt.shopping.naver.com/link/6a6f1ff00f7dd04f9d81daaa,https://shop1.phinf.naver.net/20251031_298/1761896888534o36Qw_JPEG/4_main.jpg,포트메리온
12617389836,(한정수량)포트메리온 엑소틱 보타닉 가든 벨머그 0.28L 1p,(한정수량)포트메리온 엑소틱 보타닉 가든 벨머그 0.28L 1p - 포트메리온 머그 제품입니다.,in stock,new,41700 KRW,20850 KRW,https://mkt.shopping.naver.com/link/6a6f1ff0071bd0208e356a85,https://shop1.phinf.naver.net/20251031_179/1761896881206jnP9W_JPEG/3_main.jpg,포트메리온
12617389834,포트메리온 엑소틱 보타닉 가든 벨머그 0.28L 6p,포트메리온 엑소틱 보타닉 가든 벨머그 0.28L 6p - 포트메리온 머그 제품입니다.,out of stock,new,250200 KRW,187650 KRW,https://mkt.shopping.naver.com/link/6a6f1ff03fc0f74b5414b64f,https://shop1.phinf.naver.net/20251031_13/1761896870105xmdXv_JPEG/2_main.jpg,포트메리온
12617389833,포트메리온 엑소틱 보타닉 가든 스태킹 머그 0.28L 1p,포트메리온 엑소틱 보타닉 가든 스태킹 머그 0.28L 1p - 포트메리온 머그 제품입니다.,in stock,new,38800 KRW,23280 KRW,https://mkt.shopping.naver.com/link/6a6f1ff0c6480f0d46eea74b,https://shop1.phinf.naver.net/20251031_65/1761896862788DyXt4_JPEG/1_main.jpg,포트메리온
12600678538,(한정수량)포트메리온 보타닉 가든 IN 커피컵(T) 0.11L 1인조(A),(한정수량)포트메리온 보타닉 가든 IN 커피컵(T) 0.11L 1인조(A) - 포트메리온 찻잔 제품입니다.,in stock,new,47200 KRW,23600 KRW,https://mkt.shopping.naver.com/link/6a6f1ff0071bd0208e356a84,https://shop1.phinf.naver.net/20251028_154/1761617402159u8z2n_JPEG/3_main.jpg,포트메리온
12600670970,포트메리온 보타닉 가든 뉴BF커피잔(T형) 0.28L 1인조,포트메리온 보타닉 가든 뉴BF커피잔(T형) 0.28L 1인조 - 포트메리온 찻잔 제품입니다.,in stock,new,61100 KRW,45820 KRW,https://mkt.shopping.naver.com/link/6a6f1ff0b030596f478105b1,https://shop1.phinf.naver.net/20251028_41/1761617252438qCG6i_JPEG/7_main.jpg,포트메리온
12600670969,포트메리온 보타닉 가든 뉴커피잔(T형) 0.2L 1인조,포트메리온 보타닉 가든 뉴커피잔(T형) 0.2L 1인조 - 포트메리온 찻잔 제품입니다.,in stock,new,52100 KRW,39070 KRW,https://mkt.shopping.naver.com/link/6a6f1ff077b14c40780d7894,https://shop1.phinf.naver.net/20251028_1/1761617248139ngYna_JPEG/6_main.jpg,포트메리온
12600670968,"포트메리온 보타닉 가든 커피잔(T형) 0.2L 1인조(A,B)","포트메리온 보타닉 가든 커피잔(T형) 0.2L 1인조(A,B) - 포트메리온 찻잔 제품입니다.",in stock,new,52100 KRW,39070 KRW,https://mkt.shopping.naver.com/link/6a6f1ff077b14c40780d7895,https://shop1.phinf.naver.net/20251028_22/1761617244794r45N4_JPEG/5_main.jpg,포트메리온
12600670967,포트메리온 보타닉 가든 커피잔(T형) 1인조,포트메리온 보타닉 가든 커피잔(T형) 1인조 - 포트메리온 찻잔 제품입니다.,in stock,new,52100 KRW,39070 KRW,https://mkt.shopping.naver.com/link/6a6f1ff0b030596f478105b2,https://shop1.phinf.naver.net/20251028_62/17616172395712UCfF_JPEG/4_main.jpg,포트메리온
12600670966,포트메리온 보타닉 가든 IN 모카커피(D형) 0.1L 1인조(A),포트메리온 보타닉 가든 IN 모카커피(D형) 0.1L 1인조(A) - 포트메리온 찻잔 제품입니다.,in stock,new,46500 KRW,34870 KRW,https://mkt.shopping.naver.com/link/6a6f1ff026a1f61dceb904e8,https://shop1.phinf.naver.net/20251028_31/17616172306521ctmc_JPEG/2_main.jpg,포트메리온
12581090977,포트메리온 보타닉 가든 IN 커피잔(D형) 0.2L 1인조,포트메리온 보타닉 가든 IN 커피잔(D형) 0.2L 1인조 - 포트메리온 찻잔 제품입니다.,in stock,new,47700 KRW,35770 KRW,https://mkt.shopping.naver.com/link/6a6f1ff026a1f61dceb904eb,https://shop1.phinf.naver.net/20251023_277/1761208357564HKJ46_JPEG/6_main.jpg,포트메리온
12581090976,포트메리온 보타닉 가든 IN 커피잔(T형) 0.2L 1인조(C),포트메리온 보타닉 가든 IN 커피잔(T형) 0.2L 1인조(C) - 포트메리온 찻잔 제품입니다.,in stock,new,52100 KRW,39070 KRW,https://mkt.shopping.naver.com/link/6a6f1ff0c6480f0d46eea74e,https://shop1.phinf.naver.net/20251023_167/1761208353722dtuuV_JPEG/5_main.jpg,포트메리온
12581090974,"포트메리온 보타닉 가든 IN 커피잔(T형) 0.2L 1인조(A,B)","포트메리온 보타닉 가든 IN 커피잔(T형) 0.2L 1인조(A,B) - 포트메리온 찻잔 제품입니다.",in stock,new,52100 KRW,39070 KRW,https://mkt.shopping.naver.com/link/6a6f1ff03fc0f74b5414b651,https://shop1.phinf.naver.net/20251023_281/1761208349256MDaMT_JPEG/4_main.jpg,포트메리온
12581090973,포트메리온 보타닉 가든 IN BF커피잔(D형) 0.26L 1인조,포트메리온 보타닉 가든 IN BF커피잔(D형) 0.26L 1인조 - 포트메리온 찻잔 제품입니다.,in stock,new,57400 KRW,43050 KRW,https://mkt.shopping.naver.com/link/6a6f1ff0c6480f0d46eea74d,https://shop1.phinf.naver.net/20251023_15/1761208344294PVwQs_JPEG/3_main.jpg,포트메리온
12581090972,포트메리온 보타닉 가든 IN BF커피잔(T형) 0.28L 1인조(B),포트메리온 보타닉 가든 IN BF커피잔(T형) 0.28L 1인조(B) - 포트메리온 찻잔 제품입니다.,in stock,new,61100 KRW,45820 KRW,https://mkt.shopping.naver.com/link/6a6f1ff0c6480f0d46eea74c,https://shop1.phinf.naver.net/20251023_162/1761208336271BwvD2_JPEG/2_main.jpg,포트메리온
12581090971,포트메리온 보타닉 가든 IN BF커피잔(T형) 0.28L 1인조(A),포트메리온 보타닉 가든 IN BF커피잔(T형) 0.28L 1인조(A) - 포트메리온 찻잔 제품입니다.,in stock,new,61100 KRW,45820 KRW,https://mkt.shopping.naver.com/link/6a6f1ff03fc0f74b5414b652,https://shop1.phinf.naver.net/20251023_100/1761208332068H3bS1_JPEG/1_main.jpg,포트메리온
12575373138,포트메리온 보타닉 가든 BF커피잔(D형) 0.26L 1인조,포트메리온 보타닉 가든 BF커피잔(D형) 0.26L 1인조 - 포트메리온 찻잔 제품입니다.,in stock,new,57400 KRW,43050 KRW,https://mkt.shopping.naver.com/link/6a6f1ff03fc0f74b5414b650,https://shop1.phinf.naver.net/20251022_35/1761113850950X12Dh_JPEG/95246791094038498_458918362.jpg,포트메리온
12552610567,포트메리온 보타닉 가든 티백/스푼받침 14cm 1p,포트메리온 보타닉 가든 티백/스푼받침 14cm 1p - 포트메리온 수저받침 제품입니다.,in stock,new,25100 KRW,18820 KRW,https://mkt.shopping.naver.com/link/6a6f1ff026a1f61dceb904ea,https://shop1.phinf.naver.net/20251017_206/1760668246472nisDS_JPEG/d2_main.jpg,포트메리온
12552610565,포트메리온 보타닉 가든 디저트포크 15cm 4p #2(C~I),포트메리온 보타닉 가든 디저트포크 15cm 4p #2(C~I) - 포트메리온 티스푼/티포크세트 제품입니다.,in stock,new,96000 KRW,72000 KRW,https://mkt.shopping.naver.com/link/6a6f1ff026a1f61dceb904e9,https://shop1.phinf.naver.net/20251017_227/1760668216197HoiSJ_JPEG/d1_main.jpg,포트메리온
12552217509,포트메리온 보타닉 가든 하모니 티폿 1.1L,포트메리온 보타닉 가든 하모니 티폿 1.1L - 포트메리온 티포트 제품입니다.,in stock,new,184800 KRW,138600 KRW,https://mkt.shopping.naver.com/link/6a6f1ff03fc0f74b5414b655,https://shop1.phinf.naver.net/20251017_5/176066998992354TCs_JPEG/15268349662171739_863579119.jpg,포트메리온
12552217508,포트메리온 포모나 티폿(대) 1.1L,포트메리온 포모나 티폿(대) 1.1L - 포트메리온 티포트 제품입니다.,in stock,new,195800 KRW,117480 KRW,https://mkt.shopping.naver.com/link/6a6f1ff014783f7893d150c5,https://shop1.phinf.naver.net/20251017_266/1760670208304bnWIy_JPEG/94803047424395538_622271673.jpg,포트메리온
12552217507,포트메리온 보타닉 로즈 티폿(대) 1.1L,포트메리온 보타닉 로즈 티폿(대) 1.1L - 포트메리온 티포트 제품입니다.,in stock,new,195800 KRW,123350 KRW,https://mkt.shopping.naver.com/link/6a6f1ff03fc0f74b5414b653,https://shop1.phinf.naver.net/20251017_201/1760662826709JEy1j_JPEG/15625840996056403_484828058.jpg,포트메리온
12552217506,포트메리온 보타닉 가든 티폿(중) 0.6L,포트메리온 보타닉 가든 티폿(중) 0.6L - 포트메리온 티포트 제품입니다.,in stock,new,150700 KRW,113020 KRW,https://mkt.shopping.naver.com/link/6a6f1ff077b14c40780d7896,https://shop1.phinf.naver.net/20251017_22/1760661252528WIA3p_JPEG/t2_main.jpg,포트메리온
12552217505,포트메리온 보타닉 가든 티폿(대) 1.1L,포트메리온 보타닉 가든 티폿(대) 1.1L - 포트메리온 티포트 제품입니다.,in stock,new,195800 KRW,146850 KRW,https://mkt.shopping.naver.com/link/6a6f1ff00f7dd04f9d81daac,https://shop1.phinf.naver.net/20251017_248/1760661162960kHoMa_JPEG/t1_main.jpg,포트메리온
12549485331,포트메리온 보타닉 가든 BF머그 0.26L 1p,포트메리온 보타닉 가든 BF머그 0.26L 1p - 포트메리온 머그 제품입니다.,in stock,new,41400 KRW,31050 KRW,https://mkt.shopping.naver.com/link/6a6f1ff00f7dd04f9d81daab,https://shop1.phinf.naver.net/20251016_238/1760604155719a99Xq_JPEG/m3_main.jpg,포트메리온
12549485330,(핫딜)포트메리온 보타닉 가든 벨머그(양쪽꽃) 0.28L 1p,(핫딜)포트메리온 보타닉 가든 벨머그(양쪽꽃) 0.28L 1p - 포트메리온 머그 제품입니다.,in stock,new,41700 KRW,20850 KRW,https://mkt.shopping.naver.com/link/6a6f1ff0071bd0208e356a86,https://shop1.phinf.naver.net/20260309_267/1773046242035avaoB_JPEG/m2_main.jpg,포트메리온
12549485328,포트메리온 미네랄즈 머그 0.34L 1p,포트메리온 미네랄즈 머그 0.34L 1p - 포트메리온 머그 제품입니다.,in stock,new,63800 KRW,38280 KRW,https://mkt.shopping.naver.com/link/6a6f1ff0b030596f478105b4,https://shop1.phinf.naver.net/20260701_13/1782866479915wVlga_JPEG/5820119788284042_2040694092.jpg,포트메리온
12547857371,포트메리온 보타닉 가든 피어스드 케익접시 26cm 1p,포트메리온 보타닉 가든 피어스드 케익접시 26cm 1p - 포트메리온 접시 제품입니다.,in stock,new,65000 KRW,48750 KRW,https://mkt.shopping.naver.com/link/6a6f1ff03fc0f74b5414b654,https://shop1.phinf.naver.net/20251016_114/1760581725033DkVjO_JPEG/c6_main.jpg,포트메리온
12547845555,포트메리온 보타닉 가든 미니케익스탠드 15cm 1p,포트메리온 보타닉 가든 미니케익스탠드 15cm 1p - 포트메리온 접시 제품입니다.,in stock,new,57000 KRW,42750 KRW,https://mkt.shopping.naver.com/link/6a6f1ff0b030596f478105b3,https://shop1.phinf.naver.net/20251211_154/1765418028743oAGep_JPEG/99550952646048384_1630110316.jpg,포트메리온
12547845554,포트메리온 보타닉 가든 2단 케익 사각 25cm,포트메리온 보타닉 가든 2단 케익 사각 25cm - 포트메리온 접시 제품입니다.,in stock,new,152900 KRW,114670 KRW,https://mkt.shopping.naver.com/link/6a6f1ff1b030596f478105b6,https://shop1.phinf.naver.net/20260608_150/1780906539542sXiNX_JPEG/60300486640134209_1297577786.jpg,포트메리온
12547845553,포트메리온 보타닉 가든 2단 케익 (R) 25cm,포트메리온 보타닉 가든 2단 케익 (R) 25cm - 포트메리온 접시 제품입니다.,in stock,new,167200 KRW,125400 KRW,https://mkt.shopping.naver.com/link/6a6f1ff1b030596f478105b5,https://shop1.phinf.naver.net/20260608_140/1780906564837aIaAA_JPEG/33607138981545802_1961440056.jpg,포트메리온
12547845551,포트메리온 보타닉 가든 2단 케익 (D) 25cm,포트메리온 보타닉 가든 2단 케익 (D) 25cm - 포트메리온 접시 제품입니다.,in stock,new,167200 KRW,125400 KRW,https://mkt.shopping.naver.com/link/6a6f1ff13fc0f74b5414b656,https://shop1.phinf.naver.net/20260608_53/17809065901682dyfE_JPEG/33607164307571200_1002685237.jpg,포트메리온
12547845550,포트메리온 뉴베리에이션 2단 케익 (D) 25cm,포트메리온 뉴베리에이션 2단 케익 (D) 25cm - 포트메리온 접시 제품입니다.,in stock,new,171600 KRW,145860 KRW,https://mkt.shopping.naver.com/link/6a6f1ff126a1f61dceb904ec,https://shop1.phinf.naver.net/20260608_287/1780907028992ThRIO_JPEG/60300976109113631_43055289.jpg,포트메리온
12534414739,포트메리온 보타닉 가든 12개월 커피잔(T형)0.2L 1인조,포트메리온 보타닉 가든 12개월 커피잔(T형)0.2L 1인조 - 포트메리온 찻잔 제품입니다.,in stock,new,52100 KRW,39070 KRW,https://mkt.shopping.naver.com/link/6a6f1ff13fc0f74b5414b657,https://shop1.phinf.naver.net/20260309_8/1773032859533roMRP_JPEG/main.jpg,포트메리온
12427827271,포트메리온 뉴베리에이션 커피잔(D형) 0.2L 1인조,포트메리온 뉴베리에이션 커피잔(D형) 0.2L 1인조 - 포트메리온 찻잔 제품입니다.,in stock,new,52300 KRW,44450 KRW,https://mkt.shopping.naver.com/link/6a6f1ff1b030596f478105b7,https://shop1.phinf.naver.net/20250919_265/1758250753835F8Amm_JPEG/13437900926872979_179577499.jpg,포트메리온
12321021776,포트메리온 보타닉 가든 하모니 BF커피잔 0.26L 2인조,포트메리온 보타닉 가든 하모니 BF커피잔 0.26L 2인조 - 포트메리온 찻잔 제품입니다.,in stock,new,123600 KRW,92700 KRW,https://mkt.shopping.naver.com/link/6a6f1ff126a1f61dceb904ed,https://shop1.phinf.naver.net/20260616_179/1781589557803n03KH_JPEG/67112329618531753_160510742.jpg,포트메리온
12320882792,포트메리온 포모나 커피잔(T형) 0.2L 2인조,포트메리온 포모나 커피잔(T형) 0.2L 2인조 - 포트메리온 찻잔 제품입니다.,in stock,new,104200 KRW,62520 KRW,https://mkt.shopping.naver.com/link/6a6f1ff1b030596f478105b8,https://shop1.phinf.naver.net/20260618_92/1781751062292cy6Pz_JPEG/27894085250296916_782820742.jpg,포트메리온
12320368267,포트메리온 지알로 커피잔 0.24L 2인조,포트메리온 지알로 커피잔 0.24L 2인조 - 포트메리온 찻잔 제품입니다.,in stock,new,152400 KRW,99060 KRW,https://mkt.shopping.naver.com/link/6a6f1ff1b030596f478105b9,https://shop1.phinf.naver.net/20260618_216/1781749505276vA4FO_JPEG/36408264231588916_540116417.jpg,포트메리온
12320265945,포트메리온 웨스털리 커피잔 0.24L 2인조,포트메리온 웨스털리 커피잔 0.24L 2인조 - 포트메리온 찻잔 제품입니다.,in stock,new,155600 KRW,108920 KRW,https://mkt.shopping.naver.com/link/6a6f1ff126a1f61dceb904ee,https://shop1.phinf.naver.net/20260618_146/178174960572127N5c_JPEG/129598303613084419_783231746.jpg,포트메리온
12320158591,포트메리온 아트리움 커피잔 플로럴 0.28L 2인조,포트메리온 아트리움 커피잔 플로럴 0.28L 2인조 - 포트메리온 찻잔 제품입니다.,in stock,new,111600 KRW,83700 KRW,https://mkt.shopping.naver.com/link/6a6f1ff10f7dd04f9d81daad,https://shop1.phinf.naver.net/20260618_262/17817497903633Gs2f_JPEG/36196203182348223_1363159685.jpg,포트메리온
12320012773,포트메리온 보타닉 로즈 커피잔(T형) 0.2L 2인조,포트메리온 보타닉 로즈 커피잔(T형) 0.2L 2인조 - 포트메리온 찻잔 제품입니다.,in stock,new,104200 KRW,55220 KRW,https://mkt.shopping.naver.com/link/6a6f1ff126a1f61dceb904ef,https://shop1.phinf.naver.net/20260618_169/1781749916300ovFuz_JPEG/115882850441438918_2083345924.jpg,포트메리온
12319469437,포트메리온 보타닉 가든 티슈박스커버 HM 26cm 1p (B),포트메리온 보타닉 가든 티슈박스커버 HM 26cm 1p (B) - 포트메리온 화장지케이스 제품입니다.,out of stock,new,97700 KRW,73270 KRW,https://mkt.shopping.naver.com/link/6a6f1ff13fc0f74b5414b658,https://shop1.phinf.naver.net/20260612_143/17812432485694n24c_JPEG/28522892203782961_818259164.jpg,포트메리온
12315894411,포트메리온 보타닉 가든 티세트 위드 인퓨저 세트,포트메리온 보타닉 가든 티세트 위드 인퓨저 세트 - 포트메리온 티세트 제품입니다.,in stock,new,178000 KRW,133500 KRW,https://mkt.shopping.naver.com/link/6a6f1ff13fc0f74b5414b659,https://shop1.phinf.naver.net/20260608_22/1780904875106mOByP_JPEG/94001784136823067_1424637718.jpg,포트메리온
12315813047,포트메리온 보타닉 가든 테라스 커피잔 0.2L 2인조,포트메리온 보타닉 가든 테라스 커피잔 0.2L 2인조 - 포트메리온 찻잔 제품입니다.,in stock,new,92000 KRW,64400 KRW,https://mkt.shopping.naver.com/link/6a6f1ff1b030596f478105ba,https://shop1.phinf.naver.net/20260618_61/1781749956640d074E_JPEG/36196369432334266_1109245793.jpg,포트메리온
12315700314,포트메리온 보타닉 가든 탁상시계 16cm 1p,포트메리온 보타닉 가든 탁상시계 16cm 1p - 포트메리온 알람/탁상시계 제품입니다.,in stock,new,121000 KRW,90750 KRW,https://mkt.shopping.naver.com/link/6a6f1ff1b030596f478105bb,https://shop1.phinf.naver.net/20260612_57/1781244710970myHFr_JPEG/17020303848894188_365667911.jpg,포트메리온
12315185888,포트메리온 보타닉 가든 왁스캔들 트레저박스 100g 3종(택1),포트메리온 보타닉 가든 왁스캔들 트레저박스 100g 3종(택1) - 포트메리온 초/향초 제품입니다.,in stock,new,54000 KRW,40500 KRW,https://mkt.shopping.naver.com/link/6a6f1ff10f7dd04f9d81daae,https://shop1.phinf.naver.net/20260615_124/1781506546269WvRr8_JPEG/21432938331391432_758044539.jpg,포트메리온
12315044269,포트메리온 뉴베리에이션 커피잔(T형) 0.2L 2인조,포트메리온 뉴베리에이션 커피잔(T형) 0.2L 2인조 - 포트메리온 찻잔 제품입니다.,in stock,new,106400 KRW,90440 KRW,https://mkt.shopping.naver.com/link/6a6f1ff126a1f61dceb904f1,https://shop1.phinf.naver.net/20260618_261/1781749997904DjNAG_JPEG/115882792899071485_1281968445.jpg,포트메리온
12314960641,포트메리온 보타닉 가든 벽걸이시계 27cm 1p,포트메리온 보타닉 가든 벽걸이시계 27cm 1p - 포트메리온 벽시계 제품입니다.,in stock,new,95600 KRW,71700 KRW,https://mkt.shopping.naver.com/link/6a6f1ff126a1f61dceb904f0,https://shop1.phinf.naver.net/20260609_64/1780964797552pb5os_JPEG/58487474401563421_1538958754.jpg,포트메리온
12311195726,포트메리온 보타닉 가든 뉴커피잔(T형) 0.2L 2인조,포트메리온 보타닉 가든 뉴커피잔(T형) 0.2L 2인조 - 포트메리온 찻잔 제품입니다.,in stock,new,104200 KRW,78150 KRW,https://mkt.shopping.naver.com/link/6a6f1ff1c6480f0d46eea74f,https://shop1.phinf.naver.net/20260618_194/17817502748591GE4h_JPEG/115883108975238939_596281365.jpg,포트메리온
12182921047,포트메리온 포모나 브런치 1인 세트,포트메리온 포모나 브런치 1인 세트 - 포트메리온 홈세트 제품입니다.,in stock,new,101100 KRW,60660 KRW,https://mkt.shopping.naver.com/link/6a9ca957cc78491a7acb56c0,https://shop1.phinf.naver.net/20250731_215/1753950472369j1p7Y_JPEG/92844444155575_878217989.jpg,포트메리온
12177470157,포트메리온 보타닉 로즈 데일리 1인 세트,포트메리온 보타닉 로즈 데일리 1인 세트 - 포트메리온 홈세트 제품입니다.,in stock,new,122400 KRW,73440 KRW,https://mkt.shopping.naver.com/link/6a9ca9577a192905d5e974f0,https://shop1.phinf.naver.net/20250730_203/17538613952890rIiY_JPEG/762135520732518_852152901.jpg,포트메리온
12177239106,포트메리온 보타닉 가든 데일리 1인 세트,포트메리온 보타닉 가든 데일리 1인 세트 - 포트메리온 홈세트 제품입니다.,in stock,new,123800 KRW,74280 KRW,https://mkt.shopping.naver.com/link/6a9ca95824d89e7244ea1d1d,https://shop1.phinf.naver.net/20250730_25/1753858158550V3s0A_JPEG/80892500610250770_1444169782.jpg,포트메리온
12177091089,포트메리온 보타닉 가든 대접시(D형) 26cm 1p (플라워링 아몬드),포트메리온 보타닉 가든 대접시(D형) 26cm 1p (플라워링 아몬드) - 포트메리온 접시 제품입니다.,out of stock,new,44600 KRW,26760 KRW,https://mkt.shopping.naver.com/link/6a9ca9586c48fc7df4a0ebce,https://shop1.phinf.naver.net/20250730_64/17538562145888TFjr_JPEG/57368751548185271_244126773.jpg,포트메리온
12154217258,포트메리온 보타닉 가든 테라스 디저트 1인 세트(커피잔),포트메리온 보타닉 가든 테라스 디저트 1인 세트(커피잔) - 포트메리온 디저트세트 제품입니다.,in stock,new,84300 KRW,50580 KRW,https://mkt.shopping.naver.com/link/6a9ca9587c3acb4dfa6f3363,https://shop1.phinf.naver.net/20250725_178/1753421620707Sbmok_JPEG/56934157696391742_1381056095.jpg,포트메리온
12154131474,포트메리온 보타닉 가든 테라스 디저트 1인 세트(머그),포트메리온 보타닉 가든 테라스 디저트 1인 세트(머그) - 포트메리온 디저트세트 제품입니다.,in stock,new,68500 KRW,41100 KRW,https://mkt.shopping.naver.com/link/6a9ca9587c3acb4dfa6f3364,https://shop1.phinf.naver.net/20250725_237/1753421422570Q82TQ_JPEG/80455764626083543_1204881996.jpg,포트메리온
12149415355,포트메리온 블루룸 브런치 1인 세트,포트메리온 블루룸 브런치 1인 세트 - 포트메리온 디저트세트 제품입니다.,out of stock,new,86400 KRW,51840 KRW,https://mkt.shopping.naver.com/link/6a9ca958cc78491a7acb56c1,https://shop1.phinf.naver.net/20250724_221/1753339779167DvWoF_JPEG/50368115288073532_814457556.jpg,포트메리온
12144644212,포트메리온 소피콘란 디저트 1인 세트(셀러던),포트메리온 소피콘란 디저트 1인 세트(셀러던) - 포트메리온 디저트세트 제품입니다.,out of stock,new,80200 KRW,40100 KRW,https://mkt.shopping.naver.com/link/6a9ca9586c48fc7df4a0ebcd,https://shop1.phinf.naver.net/20250723_43/1753259143604qnVoX_JPEG/87391991932140545_2778769.jpg,포트메리온
12139463456,포트메리온 소피콘란 브런치 1인 세트(셀러던),포트메리온 소피콘란 브런치 1인 세트(셀러던) - 포트메리온 디저트세트 제품입니다.,out of stock,new,97900 KRW,48950 KRW,https://mkt.shopping.naver.com/link/6a9ca9587a192905d5e974f2,https://shop1.phinf.naver.net/20250722_295/1753172531978szaC2_JPEG/29365206127080984_672074542.jpg,포트메리온
12138430631,포트메리온 시티스케이프 티컵앤소서 로마 0.28L 1인조,포트메리온 시티스케이프 티컵앤소서 로마 0.28L 1인조 - 포트메리온 찻잔 제품입니다.,out of stock,new,49500 KRW,34650 KRW,https://mkt.shopping.naver.com/link/6a9ca9587a192905d5e974f1,https://shop1.phinf.naver.net/20250722_272/1753154498759nr4eF_JPEG/87287297902946536_548625583.jpg,포트메리온
12133643464,포트메리온 킹슬리 팔각접시 24cm 1p 청록색,포트메리온 킹슬리 팔각접시 24cm 1p 청록색 - 포트메리온 접시 제품입니다.,in stock,new,64900 KRW,45430 KRW,https://mkt.shopping.naver.com/link/6a9ca95842ac2e03d314cc3e,https://shop1.phinf.naver.net/20250721_253/1753080990729BFOaJ_JPEG/87213789865329618_1202702312.jpg,포트메리온
12133298244,포트메리온 킹슬리 접시 19cm 1p 청록색,포트메리온 킹슬리 접시 19cm 1p 청록색 - 포트메리온 접시 제품입니다.,in stock,new,42400 KRW,29680 KRW,https://mkt.shopping.naver.com/link/6a9ca9587a192905d5e974f3,https://shop1.phinf.naver.net/20250721_28/1753076381104O0Gc9_JPEG/87209180224891469_1771275449.jpg,포트메리온
12133251905,포트메리온 킹슬리 커피잔 0.2L 1인조 청록색,포트메리온 킹슬리 커피잔 0.2L 1인조 청록색 - 포트메리온 찻잔 제품입니다.,in stock,new,74600 KRW,52220 KRW,https://mkt.shopping.naver.com/link/6a9ca9586c48fc7df4a0ebcf,https://shop1.phinf.naver.net/20250721_145/1753075516690NcL22_JPEG/91156373811861846_1943534341.jpg,포트메리온
12133202579,포트메리온 킹슬리 머그 0.35L 1p 청록,포트메리온 킹슬리 머그 0.35L 1p 청록 - 포트메리온 머그 제품입니다.,in stock,new,48100 KRW,33670 KRW,https://mkt.shopping.naver.com/link/6a9ca958cc78491a7acb56c2,https://shop1.phinf.naver.net/20250721_112/1753074742694pzpsW_JPEG/87207544188438146_1614051703.jpg,포트메리온
12120519725,포트메리온 보타닉 가든 스태킹볼 17cm 1p,포트메리온 보타닉 가든 스태킹볼 17cm 1p - 포트메리온 볼 제품입니다.,in stock,new,84700 KRW,63520 KRW,https://mkt.shopping.naver.com/link/6a9ca9587c3acb4dfa6f3365,https://shop1.phinf.naver.net/20250718_295/1752814243738T5qaB_JPEG/19742075217378465_2019027364.jpg,포트메리온
12120100843,포트메리온 보타닉 가든 엠보스드 샐러드볼 17cm 1p,포트메리온 보타닉 가든 엠보스드 샐러드볼 17cm 1p - 포트메리온 볼 제품입니다.,in stock,new,63600 KRW,47700 KRW,https://mkt.shopping.naver.com/link/6a9ca9587a192905d5e974f4,https://shop1.phinf.naver.net/20250718_11/1752808667228MvAqn_JPEG/100642418023493908_1552880173.jpg,포트메리온
12120056637,포트메리온 보타닉 가든 브레드접시(D형) 15cm 1p,포트메리온 보타닉 가든 브레드접시(D형) 15cm 1p - 포트메리온 접시 제품입니다.,in stock,new,33300 KRW,24970 KRW,https://mkt.shopping.naver.com/link/6a9ca958cc78491a7acb56c3,https://shop1.phinf.naver.net/20250718_23/1752807176883mufEm_JPEG/7385005974239276_24533418.jpg,포트메리온
12119974846,포트메리온 보타닉 가든 테라스 딥볼 겸 티라이트 홀더 8cm 4p,포트메리온 보타닉 가든 테라스 딥볼 겸 티라이트 홀더 8cm 4p - 포트메리온 볼 제품입니다.,in stock,new,57200 KRW,42900 KRW,https://mkt.shopping.naver.com/link/6a9ca95824d89e7244ea1d1e,https://shop1.phinf.naver.net/20260615_142/1781505302987XFlaT_JPEG/13476924673877707_703691626.jpg,포트메리온
12101950418,포트메리온 베리에이션 벽걸이시계 27cm 1p,포트메리온 베리에이션 벽걸이시계 27cm 1p - 포트메리온 벽시계 제품입니다.,in stock,new,97200 KRW,58320 KRW,https://mkt.shopping.naver.com/link/6a9ca9582a761a0154b8b82f,https://shop1.phinf.naver.net/20250714_293/1752475108255V2WHe_JPEG/65572017265138647_736591092.jpg,포트메리온
12090312414,포트메리온 보타닉 로즈 BF머그 0.26L 2p,포트메리온 보타닉 로즈 BF머그 0.26L 2p - 포트메리온 머그 제품입니다.,out of stock,new,82800 KRW,41400 KRW,https://mkt.shopping.naver.com/link/6a9ca9587a192905d5e974f5,https://shop1.phinf.naver.net/20250711_266/1752221981207OIqa5_JPEG/60584876054718263_79956014.jpg,포트메리온
12090285953,포트메리온 포모나 벨머그 0.28L 2p,포트메리온 포모나 벨머그 0.28L 2p - 포트메리온 머그 제품입니다.,out of stock,new,73800 KRW,44280 KRW,https://mkt.shopping.naver.com/link/6a9ca9588a20a72cfec87cfd,https://shop1.phinf.naver.net/20250711_229/1752221912168yt5ww_JPEG/21416005320782747_181766512.jpg,포트메리온
12085272959,포트메리온 보타닉 가든 콜린스 글라스 0.47L 4p,포트메리온 보타닉 가든 콜린스 글라스 0.47L 4p - 포트메리온 유리컵 제품입니다.,in stock,new,90400 KRW,67800 KRW,https://mkt.shopping.naver.com/link/6a9ca95824d89e7244ea1d1f,https://shop1.phinf.naver.net/20260529_204/1780041744946fzg6M_JPEG/1402196084050285_1872315171.jpg,포트메리온
12085126322,포트메리온 보타닉 가든 필스너 글라스(대) 0.62L 4p,포트메리온 보타닉 가든 필스너 글라스(대) 0.62L 4p - 포트메리온 유리컵 제품입니다.,in stock,new,152000 KRW,114000 KRW,https://mkt.shopping.naver.com/link/6a9ca95842ac2e03d314cc3f,https://shop1.phinf.naver.net/20260529_15/1780041808966BkWEW_JPEG/1402260104226797_1298298357.jpg,포트메리온
12075884231,포트메리온 보타닉 가든 튤립 머그 0.32L 2p,포트메리온 보타닉 가든 튤립 머그 0.32L 2p - 포트메리온 머그 제품입니다.,out of stock,new,75800 KRW,41690 KRW,https://mkt.shopping.naver.com/link/6a9ca9587c3acb4dfa6f3366,https://shop1.phinf.naver.net/20260618_256/1781748311558yhTA4_JPEG/54568365700330889_75764998.jpg,포트메리온
12075850725,포트메리온 보타닉 가든 컨템포러리 머그 0.36L 2P,포트메리온 보타닉 가든 컨템포러리 머그 0.36L 2P - 포트메리온 머그 제품입니다.,in stock,new,48000 KRW,33600 KRW,https://mkt.shopping.naver.com/link/6a9ca958a6c15e1319580259,https://shop1.phinf.naver.net/20260616_18/1781599059966PpE5C_JPEG/13570681644157978_727260185.jpg,포트메리온
12075843145,포트메리온 보타닉 가든 테라스 머그 HM 0.35L 2p,포트메리온 보타닉 가든 테라스 머그 HM 0.35L 2p - 포트메리온 머그 제품입니다.,out of stock,new,58800 KRW,41160 KRW,https://mkt.shopping.naver.com/link/6a9ca9587a192905d5e974f6,https://shop1.phinf.naver.net/20250708_9/1751961623300mSTI6_JPEG/6534682435242235_1186622399.jpg,포트메리온
12075829875,포트메리온 아트리움 머그 플로럴 0.34L 2p,포트메리온 아트리움 머그 플로럴 0.34L 2p - 포트메리온 머그 제품입니다.,in stock,new,110000 KRW,71500 KRW,https://mkt.shopping.naver.com/link/6a9ca9587a192905d5e974f7,https://shop1.phinf.naver.net/20260616_20/1781591474124G4xYC_JPEG/13563095787805958_133859803.jpg,포트메리온
12075762188,포트메리온 웨스털리 머그 0.34L 2p,포트메리온 웨스털리 머그 0.34L 2p - 포트메리온 머그 제품입니다.,in stock,new,105400 KRW,73780 KRW,https://mkt.shopping.naver.com/link/6a9ca9588045e373d81cb455,https://shop1.phinf.naver.net/20260616_201/1781591635397bb1N6_JPEG/115724469539213877_2128289663.jpg,포트메리온
12075752383,포트메리온 지알로 머그 0.28L 2p,포트메리온 지알로 머그 0.28L 2p - 포트메리온 머그 제품입니다.,out of stock,new,95600 KRW,66920 KRW,https://mkt.shopping.naver.com/link/6a9ca95824d89e7244ea1d20,https://shop1.phinf.naver.net/20250708_231/1751959522308IyXjO_JPEG/9442542103106269_1007883653.jpg,포트메리온
12021699372,포트메리온 보타닉 가든 스퀘어플레이트(소) 16cm 1p,포트메리온 보타닉 가든 스퀘어플레이트(소) 16cm 1p - 포트메리온 접시 제품입니다.,in stock,new,34800 KRW,19140 KRW,https://mkt.shopping.naver.com/link/6a9ca9586c48fc7df4a0ebd0,https://shop1.phinf.naver.net/20250626_290/1750913339083TCkgO_JPEG/12153541961492942_1785651057.jpg,포트메리온
12017603854,[핫딜] 포트메리온 보타닉 가든 면 매트 4p,[핫딜] 포트메리온 보타닉 가든 면 매트 4p - 포트메리온 식탁매트 제품입니다.,out of stock,new,91200 KRW,31500 KRW,https://mkt.shopping.naver.com/link/6a9ca958a6c15e131958025a,https://shop1.phinf.naver.net/20250625_31/1750837134413ATCeo_JPEG/48404386041293816_1158595524.jpg,포트메리온
12017012928,[핫딜] 포트메리온 보타닉 가든 머그(TR) 0.35L 1p,[핫딜] 포트메리온 보타닉 가든 머그(TR) 0.35L 1p - 포트메리온 머그 제품입니다.,in stock,new,41900 KRW,16000 KRW,https://mkt.shopping.naver.com/link/6a9ca95824d89e7244ea1d21,https://shop1.phinf.naver.net/20250625_70/1750829943650ve8Qx_JPEG/84962818766332409_113353067.jpg,포트메리온
12011926117,포트메리온 보타닉 가든 과도(소) 20cm 1p,포트메리온 보타닉 가든 과도(소) 20cm 1p - 포트메리온 칼 제품입니다.,in stock,new,66700 KRW,46690 KRW,https://mkt.shopping.naver.com/link/6a9ca95824d89e7244ea1d22,https://shop1.phinf.naver.net/20250624_131/17507493455576R9KH_JPEG/23695156690875570_359605135.jpg,포트메리온
12011827035,"포트메리온 보타닉 가든 미니사각 HM 7cm 4p (C,D)","포트메리온 보타닉 가든 미니사각 HM 7cm 4p (C,D) - 포트메리온 접시 제품입니다.",in stock,new,36000 KRW,27000 KRW,https://mkt.shopping.naver.com/link/6a9ca958cc78491a7acb56c4,https://shop1.phinf.naver.net/20250624_205/1750747927033by1EB_JPEG/2989900587010363_1929544446.jpg,포트메리온
11988270367,포트메리온 보타닉 가든 사각접시(소) 16cm 1p,포트메리온 보타닉 가든 사각접시(소) 16cm 1p - 포트메리온 접시 제품입니다.,in stock,new,34800 KRW,19140 KRW,https://mkt.shopping.naver.com/link/6a9ca9587a192905d5e974f8,https://shop1.phinf.naver.net/20250805_24/1754356111032KYIkC_JPEG/80385596288472634_1065695235.jpg,포트메리온
11984508361,포트메리온 보타닉 가든 사각머그 기본형 0.4L 1p,포트메리온 보타닉 가든 사각머그 기본형 0.4L 1p - 포트메리온 머그 제품입니다.,in stock,new,29000 KRW,15950 KRW,https://mkt.shopping.naver.com/link/6a9ca9588a20a72cfec87cfe,https://shop1.phinf.naver.net/20250618_55/175023329281896YFB_JPEG/84366102962489370_2125256684.jpg,포트메리온
11983188970,[핫딜] 포트메리온 보타닉 가든 맥주잔 0.5L 2p,[핫딜] 포트메리온 보타닉 가든 맥주잔 0.5L 2p - 포트메리온 유리컵 제품입니다.,out of stock,new,64800 KRW,24690 KRW,https://mkt.shopping.naver.com/link/6a9ca9588045e373d81cb457,https://shop1.phinf.naver.net/20260312_36/17732858461777PmTN_JPEG/7350219064480484_252512565.jpg,포트메리온
11978445870,[핫딜] 포트메리온 보타닉 가든 저그 1L 1p,[핫딜] 포트메리온 보타닉 가든 저그 1L 1p - 포트메리온 스팀피쳐/밀크저그 제품입니다.,in stock,new,52600 KRW,15290 KRW,https://mkt.shopping.naver.com/link/6a9ca9587a192905d5e974f9,https://shop1.phinf.naver.net/20250617_183/17501301220625lVH4_JPEG/84262933195720151_1062734287.jpg,포트메리온
11962009057,포트메리온 보타닉 가든 악센트볼 5p,포트메리온 보타닉 가든 악센트볼 5p - 포트메리온 볼 제품입니다.,in stock,new,110000 KRW,39900 KRW,https://mkt.shopping.naver.com/link/6a9ca958a6c15e131958025b,https://shop1.phinf.naver.net/20260609_244/17809641382770H688_JPEG/15612874100164356_1186363362.jpg,포트메리온
11961405441,"포트메리온 베리에이션 BF머그 0.26L 2p (C,D)","포트메리온 베리에이션 BF머그 0.26L 2p (C,D) - 포트메리온 머그 제품입니다.",in stock,new,85000 KRW,59500 KRW,https://mkt.shopping.naver.com/link/6a9ca9587c3acb4dfa6f3367,https://shop1.phinf.naver.net/20260612_45/1781251048053r2Wo0_JPEG/3191159865899864_1224146720.jpg,포트메리온
11952932332,"포트메리온 보타닉 가든 로우머그 0.4L 1p (C,E)","포트메리온 보타닉 가든 로우머그 0.4L 1p (C,E) - 포트메리온 머그 제품입니다.",in stock,new,39100 KRW,29320 KRW,https://mkt.shopping.naver.com/link/6a9ca9588045e373d81cb456,https://shop1.phinf.naver.net/20250611_66/1749631479212jKR6t_JPEG/24195299320558859_2131454282.jpg,포트메리온
11952908877,"포트메리온 보타닉 가든 로우머그 0.4L 1p (A,B)","포트메리온 보타닉 가든 로우머그 0.4L 1p (A,B) - 포트메리온 머그 제품입니다.",out of stock,new,39100 KRW,29320 KRW,https://mkt.shopping.naver.com/link/6a9ca95824d89e7244ea1d23,https://shop1.phinf.naver.net/20250611_209/1749629106182xX6CI_JPEG/55468405000071290_413963333.jpg,포트메리온
11948069754,포트메리온 보타닉 가든 냄비 5L,포트메리온 보타닉 가든 냄비 5L - 포트메리온 양수냄비 제품입니다.,in stock,new,264000 KRW,198000 KRW,https://mkt.shopping.naver.com/link/6a9ca95842ac2e03d314cc40,https://shop1.phinf.naver.net/20250610_240/174954533017705NGz_JPEG/83678191279830429_903905108.jpg,포트메리온
11948061159,포트메리온 보타닉 가든 냄비 3L,포트메리온 보타닉 가든 냄비 3L - 포트메리온 양수냄비 제품입니다.,in stock,new,206000 KRW,154500 KRW,https://mkt.shopping.naver.com/link/6a9ca95824d89e7244ea1d24,https://shop1.phinf.naver.net/20250610_114/1749545199972DNcfx_JPEG/19919621054720368_771043068.jpg,포트메리온
11948049982,포트메리온 보타닉 가든 냄비 2L,포트메리온 보타닉 가든 냄비 2L - 포트메리온 양수냄비 제품입니다.,in stock,new,153000 KRW,114750 KRW,https://mkt.shopping.naver.com/link/6a9ca9588045e373d81cb458,https://shop1.phinf.naver.net/20250610_223/174954481948813xMk_JPEG/13044360356430552_672515098.jpg,포트메리온
11943164613,포트메리온 보타닉 가든 냄비 1L,포트메리온 보타닉 가든 냄비 1L - 포트메리온 양수냄비 제품입니다.,in stock,new,110000 KRW,82500 KRW,https://mkt.shopping.naver.com/link/6a9ca9587c3acb4dfa6f3368,https://shop1.phinf.naver.net/20250609_99/174945798923290d2O_JPEG/5441674383253708_659367312.jpg,포트메리온
11943082357,"포트메리온 보타닉 가든 BF머그 0.26L 1p(A,B)","포트메리온 보타닉 가든 BF머그 0.26L 1p(A,B) - 포트메리온 머그 제품입니다.",in stock,new,41400 KRW,31050 KRW,https://mkt.shopping.naver.com/link/6a9ca95824d89e7244ea1d26,https://shop1.phinf.naver.net/20250609_187/1749457288183wcJQy_JPEG/19831709293136205_1149425006.jpg,포트메리온
11943011086,"포트메리온 보타닉 가든 BF머그 0.26L 1p(G,H)","포트메리온 보타닉 가든 BF머그 0.26L 1p(G,H) - 포트메리온 머그 제품입니다.",in stock,new,41400 KRW,31050 KRW,https://mkt.shopping.naver.com/link/6a9ca958cc78491a7acb56c5,https://shop1.phinf.naver.net/20250609_74/1749455060059UJQAe_JPEG/4039115443909795_1320613840.jpg,포트메리온
11900896461,포트메리온 미네랄즈 브런치 1인 세트 2p,포트메리온 미네랄즈 브런치 1인 세트 2p - 포트메리온 디저트세트 제품입니다.,in stock,new,115500 KRW,69300 KRW,https://mkt.shopping.naver.com/link/6a9ca9588a20a72cfec87cff,https://shop1.phinf.naver.net/20260701_193/1782866888751FGX0a_JPEG/116999726874536062_2123855196.jpg,포트메리온
11899792853,포트메리온 보타닉 가든 사이드 접시 16cm 2p,포트메리온 보타닉 가든 사이드 접시 16cm 2p - 포트메리온 접시 제품입니다.,in stock,new,65200 KRW,48900 KRW,https://mkt.shopping.naver.com/link/6a9ca95824d89e7244ea1d25,https://shop1.phinf.naver.net/20250529_278/1748483252566fjSS2_JPEG/42309623366504033_1440069876.jpg,포트메리온
11895964064,포트메리온 보타닉 가든 쿠프접시 16cm 2p,포트메리온 보타닉 가든 쿠프접시 16cm 2p - 포트메리온 접시 제품입니다.,in stock,new,56000 KRW,42000 KRW,https://mkt.shopping.naver.com/link/6a9ca9586c48fc7df4a0ebd1,https://shop1.phinf.naver.net/20250528_218/1748406987015ylUBn_JPEG/1119870155407209_1264140607.jpg,포트메리온
11895594556,포트메리온 보타닉 가든 케익스탠드 25cm 1p,포트메리온 보타닉 가든 케익스탠드 25cm 1p - 포트메리온 접시 제품입니다.,in stock,new,103000 KRW,77250 KRW,https://mkt.shopping.naver.com/link/6a9ca9587a192905d5e974fa,https://shop1.phinf.naver.net/20251211_107/17654143499894VVUJ_JPEG/46655544958495112_1304573801.jpg,포트메리온
11895501491,포트메리온 보타닉 가든 티포원 위드 인퓨저 0.44L,포트메리온 보타닉 가든 티포원 위드 인퓨저 0.44L - 포트메리온 티포트 제품입니다.,in stock,new,99000 KRW,74250 KRW,https://mkt.shopping.naver.com/link/6a9ca9587a192905d5e974fb,https://shop1.phinf.naver.net/20250528_271/1748399897717D4JlT_JPEG/21386750863903675_375271722.jpg,포트메리온
11873344667,포트메리온 베리에이션 벨머그 0.28L 2p,포트메리온 베리에이션 벨머그 0.28L 2p - 포트메리온 머그 제품입니다.,in stock,new,83400 KRW,58380 KRW,https://mkt.shopping.naver.com/link/6a9ca958cc78491a7acb56c6,https://shop1.phinf.naver.net/20260618_126/1781748250467nuyaQ_JPEG/115881162559907652_1574432149.jpg,포트메리온
11873311837,포트메리온 포모나 벨머그 0.28L 2p,포트메리온 포모나 벨머그 0.28L 2p - 포트메리온 머그 제품입니다.,in stock,new,83400 KRW,50040 KRW,https://mkt.shopping.naver.com/link/6a9ca9582a761a0154b8b830,https://shop1.phinf.naver.net/20260618_247/1781748215978HfYxB_JPEG/115881179095533208_1351802540.jpg,포트메리온
11873232722,포트메리온 보타닉 로즈 BF머그 0.26L 2p,포트메리온 보타닉 로즈 BF머그 0.26L 2p - 포트메리온 머그 제품입니다.,in stock,new,82800 KRW,82750 KRW,https://mkt.shopping.naver.com/link/6a9ca9587a192905d5e974fc,https://shop1.phinf.naver.net/20260618_285/1781748167354vVdON_JPEG/129596865258813293_1676660093.jpg,포트메리온
11873121370,포트메리온 지알로 머그 0.28L 2p,포트메리온 지알로 머그 0.28L 2p - 포트메리온 머그 제품입니다.,in stock,new,105200 KRW,68380 KRW,https://mkt.shopping.naver.com/link/6a9ca958cc78491a7acb56c9,https://shop1.phinf.naver.net/20260616_22/1781598175656MRN5o_JPEG/115731009778507952_854091281.jpg,포트메리온
11873052260,포트메리온 보타닉 가든 튤립 머그 0.32L 1p,포트메리온 보타닉 가든 튤립 머그 0.32L 1p - 포트메리온 머그 제품입니다.,out of stock,new,37900 KRW,20840 KRW,https://mkt.shopping.naver.com/link/6a9ca958cc78491a7acb56c8,https://shop1.phinf.naver.net/20250903_290/1756889068909iPejz_JPEG/27658310956459149_2085372132.jpg,포트메리온
11872926960,포트메리온 보타닉 가든 팔각접시(소) 15cm 2p,포트메리온 보타닉 가든 팔각접시(소) 15cm 2p - 포트메리온 접시 제품입니다.,in stock,new,61400 KRW,46050 KRW,https://mkt.shopping.naver.com/link/6a9ca9588045e373d81cb459,https://shop1.phinf.naver.net/20250522_191/1747894142550kDwQ4_JPEG/13823081418958205_109764353.jpg,포트메리온
11872810685,포트메리온 보타닉 블루 커피잔 0.17L 2인조,포트메리온 보타닉 블루 커피잔 0.17L 2인조 - 포트메리온 찻잔 제품입니다.,in stock,new,71800 KRW,46670 KRW,https://mkt.shopping.naver.com/link/6a9ca95824d89e7244ea1d27,https://shop1.phinf.naver.net/20260616_82/17815728638934vUQQ_JPEG/87412162696670642_992306893.jpg,포트메리온
11872718374,포트메리온 보타닉 가든 톨 머그 글라스 0.38L 4p,포트메리온 보타닉 가든 톨 머그 글라스 0.38L 4p - 포트메리온 머그 제품입니다.,in stock,new,104400 KRW,78300 KRW,https://mkt.shopping.naver.com/link/6a9ca958a6c15e131958025c,https://shop1.phinf.naver.net/20260609_58/1780966369814HNVV2_JPEG/3488399823969849_1939349925.jpg,포트메리온
11872528783,포트메리온 보타닉 가든 필스너 글라스(중) 0.5L 4p,포트메리온 보타닉 가든 필스너 글라스(중) 0.5L 4p - 포트메리온 유리컵 제품입니다.,in stock,new,140800 KRW,105600 KRW,https://mkt.shopping.naver.com/link/6a9ca958cc78491a7acb56c7,https://shop1.phinf.naver.net/20260529_241/1780041931147Au9Al_JPEG/1402382285903521_1047495562.jpg,포트메리온
11872264686,포트메리온 보타닉 가든 파인트 글라스 0.57L 4p,포트메리온 보타닉 가든 파인트 글라스 0.57L 4p - 포트메리온 유리컵 제품입니다.,in stock,new,102000 KRW,76500 KRW,https://mkt.shopping.naver.com/link/6a9ca9586c48fc7df4a0ebd2,https://shop1.phinf.naver.net/20260529_232/1780041963086yFHLa_JPEG/93138872096120735_1911395281.jpg,포트메리온
11872210677,포트메리온 보타닉 가든 머그 뚜껑 받침(대) 10.5cm 6p,포트메리온 보타닉 가든 머그 뚜껑 받침(대) 10.5cm 6p - 포트메리온 머그 제품입니다.,in stock,new,54000 KRW,40500 KRW,https://mkt.shopping.naver.com/link/6a9ca95824d89e7244ea1d28,https://shop1.phinf.naver.net/20250522_263/1747883092708f7udW_JPEG/82015998878747189_1300136177.jpg,포트메리온
11872128861,[핫딜] 포트메리온 보타닉 가든 언더락잔 0.3L 2p,[핫딜] 포트메리온 보타닉 가든 언더락잔 0.3L 2p - 포트메리온 유리컵 제품입니다.,in stock,new,51800 KRW,17390 KRW,https://mkt.shopping.naver.com/link/6a9ca95824d89e7244ea1d29,https://shop1.phinf.naver.net/20260529_244/17800312453421kKjW_JPEG/1391696468236870_839761552.jpg,포트메리온
11871858885,포트메리온 뉴베리에이션 스퀘어플레이트(중) 21cm 2p,포트메리온 뉴베리에이션 스퀘어플레이트(중) 21cm 2p - 포트메리온 접시 제품입니다.,in stock,new,96600 KRW,82110 KRW,https://mkt.shopping.naver.com/link/6a9ca9582a761a0154b8b831,https://shop1.phinf.naver.net/20250522_133/1747877871386PNLX3_JPEG/30572156795437905_1411368442.jpg,포트메리온
11871784538,포트메리온 보타닉 가든 스퀘어플레이트(중) 21cm 2p,포트메리온 보타닉 가든 스퀘어플레이트(중) 21cm 2p - 포트메리온 접시 제품입니다.,in stock,new,90000 KRW,67500 KRW,https://mkt.shopping.naver.com/link/6a9ca9587a192905d5e974fd,https://shop1.phinf.naver.net/20250522_121/1747874976430T7QGz_JPEG/82007944546410499_1714096145.jpg,포트메리온
11868920010,포트메리온 디저트포크 4p 세트 모던,포트메리온 디저트포크 4p 세트 모던 - 포트메리온 티스푼/티포크세트 제품입니다.,out of stock,new,69800 KRW,52350 KRW,https://mkt.shopping.naver.com/link/6a9ca9587a192905d5e974ff,https://shop1.phinf.naver.net/20250521_112/1747815308317Peqm2_JPEG/76404935398961063_684225082.jpg,포트메리온
11792027886,[N단독구성]포트메리온 보타닉 가든 스태킹 2인 면기 세트 7p,[N단독구성]포트메리온 보타닉 가든 스태킹 2인 면기 세트 7p - 포트메리온 홈세트 제품입니다.,in stock,new,360400 KRW,162180 KRW,https://mkt.shopping.naver.com/link/6a9ca95842ac2e03d314cc42,https://shop1.phinf.naver.net/20250502_156/17461550437377cV2n_JPEG/80287816044995478_1716442515.jpg,포트메리온
11792007581,[N단독구성]포트메리온 보타닉 가든 스태킹 1인 홈세트 5p,[N단독구성]포트메리온 보타닉 가든 스태킹 1인 홈세트 5p - 포트메리온 홈세트 제품입니다.,out of stock,new,249400 KRW,117210 KRW,https://mkt.shopping.naver.com/link/6a9ca95842ac2e03d314cc41,https://shop1.phinf.naver.net/20250502_243/1746154620445JGp2c_JPEG/761782496657472_1623411972.jpg,포트메리온
11791993553,[N단독구성]포트메리온 보타닉 가든 스태킹 1인 홈세트 6p,[N단독구성]포트메리온 보타닉 가든 스태킹 1인 홈세트 6p - 포트메리온 홈세트 제품입니다.,out of stock,new,257100 KRW,120830 KRW,https://mkt.shopping.naver.com/link/6a9ca958cc78491a7acb56ca,https://shop1.phinf.naver.net/20250502_115/1746154179379WPk6m_JPEG/82517826758667435_2038561693.jpg,포트메리온
11791959986,[N단독구성]포트메리온 보타닉 가든 스태킹 양식 2인 세트 8p,[N단독구성]포트메리온 보타닉 가든 스태킹 양식 2인 세트 8p - 포트메리온 홈세트 제품입니다.,out of stock,new,330200 KRW,155190 KRW,https://mkt.shopping.naver.com/link/6a9ca9587a192905d5e974fe,https://shop1.phinf.naver.net/20250502_254/1746152431503deJCu_JPEG/80285209036023255_1352124159.jpg,포트메리온
11779843066,[N단독구성]포트메리온 보타닉 가든 스태킹 접시 3P 세트,[N단독구성]포트메리온 보타닉 가든 스태킹 접시 3P 세트 - 포트메리온 접시 제품입니다.,out of stock,new,120200 KRW,56490 KRW,https://mkt.shopping.naver.com/link/6a9ca9588a20a72cfec87d00,https://shop1.phinf.naver.net/20250429_41/1745914596880Min1c_JPEG/16441451701108651_789715868.jpg,포트메리온
11779711418,포트메리온 보타닉 가든 스태킹 볼 3P 세트,포트메리온 보타닉 가든 스태킹 볼 3P 세트 - 포트메리온 볼 제품입니다.,in stock,new,184900 KRW,86900 KRW,https://mkt.shopping.naver.com/link/6a9ca9587a192905d5e97501,https://shop1.phinf.naver.net/20250429_240/1745912057702JXyrO_JPEG/80044970820891087_567712280.jpg,포트메리온
11779539731,[N단독구성]포트메리온 보타닉 가든 스태킹 2인 홈세트 11P,[N단독구성]포트메리온 보타닉 가든 스태킹 2인 홈세트 11P - 포트메리온 홈세트 제품입니다.,out of stock,new,472400 KRW,222020 KRW,https://mkt.shopping.naver.com/link/6a9ca9587a192905d5e97500,https://shop1.phinf.naver.net/20250425_117/17455683575727QR9d_JPEG/79701135103393710_1337428253.jpg,포트메리온
11764235212,[N단독구성]포트메리온 보타닉 가든 스태킹 4인 홈세트 22P,[N단독구성]포트메리온 보타닉 가든 스태킹 4인 홈세트 22P - 포트메리온 홈세트 제품입니다.,out of stock,new,1124000 KRW,528280 KRW,https://mkt.shopping.naver.com/link/6a9ca9587a192905d5e97503,https://shop1.phinf.naver.net/20250429_162/1745904730532mmNkF_JPEG/28005084661172908_590008246.jpg,포트메리온
11755566239,포트메리온 포모나 틴케이스 캔들(대) 840G,포트메리온 포모나 틴케이스 캔들(대) 840G - 포트메리온 초/향초 제품입니다.,in stock,new,35900 KRW,21540 KRW,https://mkt.shopping.naver.com/link/6a9ca958a6c15e131958025d,https://shop1.phinf.naver.net/20250423_98/1745396440040m2fON_JPEG/21348882265979240_486350192.jpg,포트메리온
11755309152,포트메리온 포모나 부티크 틴 캔들 170G,포트메리온 포모나 부티크 틴 캔들 170G - 포트메리온 초/향초 제품입니다.,in stock,new,23800 KRW,14280 KRW,https://mkt.shopping.naver.com/link/6a9ca9582a761a0154b8b832,https://shop1.phinf.naver.net/20250423_44/1745386360629Ti78f_JPEG/73711183495357930_603103345.jpg,포트메리온
11738419240,포트메리온 포모나 글라스 캔들(소) 190G,포트메리온 포모나 글라스 캔들(소) 190G - 포트메리온 초/향초 제품입니다.,in stock,new,17400 KRW,10440 KRW,https://mkt.shopping.naver.com/link/6a9ca958cc78491a7acb56cb,https://shop1.phinf.naver.net/20250419_124/1745044712380xa2It_JPEG/76652741293196021_1308849174.jpg,포트메리온
11738399981,포트메리온 포모나 글라스 캔들(대) 490G,포트메리온 포모나 글라스 캔들(대) 490G - 포트메리온 초/향초 제품입니다.,in stock,new,51700 KRW,31020 KRW,https://mkt.shopping.naver.com/link/6a9ca95824d89e7244ea1d2b,https://shop1.phinf.naver.net/20250419_237/1745043001221wLiAM_JPEG/8027854931719196_1205899684.jpg,포트메리온
11738236179,포트메리온 포모나 디퓨저 200ml,포트메리온 포모나 디퓨저 200ml - 포트메리온 아로마방향제/디퓨저 제품입니다.,in stock,new,32800 KRW,19680 KRW,https://mkt.shopping.naver.com/link/6a9ca9587a192905d5e97502,https://shop1.phinf.naver.net/20250419_239/1745039028882N6J2o_JPEG/249177008694670_23763549.jpg,포트메리온
11738203727,포트메리온 포모나 커피컵(T형) 0.11L 1인조,포트메리온 포모나 커피컵(T형) 0.11L 1인조 - 포트메리온 찻잔 제품입니다.,in stock,new,47200 KRW,28320 KRW,https://mkt.shopping.naver.com/link/6a9ca95824d89e7244ea1d2a,https://shop1.phinf.naver.net/20250419_49/1745038634714RaX3A_JPEG/79171412257837249_463801842.jpg,포트메리온
11738189426,포트메리온 포모나 커피잔(T형) 0.2L 1인조,포트메리온 포모나 커피잔(T형) 0.2L 1인조 - 포트메리온 찻잔 제품입니다.,in stock,new,52100 KRW,31260 KRW,https://mkt.shopping.naver.com/link/6a9ca95924d89e7244ea1d2c,https://shop1.phinf.naver.net/20250419_38/174503831108133EFH_JPEG/79171078236082356_397929855.jpg,포트메리온
11738176478,포트메리온 포모나 소접시(R형) 18cm 1p,포트메리온 포모나 소접시(R형) 18cm 1p - 포트메리온 접시 제품입니다.,in stock,new,36900 KRW,22140 KRW,https://mkt.shopping.naver.com/link/6a9ca9598045e373d81cb45a,https://shop1.phinf.naver.net/20250419_49/1745037739292ixC0F_JPEG/17352596561641193_863013678.jpg,포트메리온
11738163813,포트메리온 포모나 대접시(R형) 26cm 1p,포트메리온 포모나 대접시(R형) 26cm 1p - 포트메리온 접시 제품입니다.,in stock,new,50300 KRW,30180 KRW,https://mkt.shopping.naver.com/link/6a9ca959cc78491a7acb56cc,https://shop1.phinf.naver.net/20251209_167/1765268024562ckpkr_JPEG/23726698692340752_1027009268.jpg,포트메리온
11738156440,포트메리온 포모나 스프접시(R형) 22cm 1p,포트메리온 포모나 스프접시(R형) 22cm 1p - 포트메리온 접시 제품입니다.,in stock,new,49000 KRW,29400 KRW,https://mkt.shopping.naver.com/link/6a9ca9597a192905d5e97504,https://shop1.phinf.naver.net/20250419_238/1745037244683C9akq_JPEG/15564099517297678_2070560512.jpg,포트메리온
11738145185,[핫딜]포트메리온 포모나 브리스톨머그 0.5L 1p,[핫딜]포트메리온 포모나 브리스톨머그 0.5L 1p - 포트메리온 머그 제품입니다.,in stock,new,75000 KRW,22500 KRW,https://mkt.shopping.naver.com/link/6a9ca95924d89e7244ea1d2d,https://shop1.phinf.naver.net/20250419_23/1745036975631DPvVD_JPEG/27137329778246274_1429238921.jpg,포트메리온
11738136874,포트메리온 포모나 브레드접시(R형) 16cm 1p,포트메리온 포모나 브레드접시(R형) 16cm 1p - 포트메리온 접시 제품입니다.,in stock,new,34900 KRW,20940 KRW,https://mkt.shopping.naver.com/link/6a9ca9592a761a0154b8b833,https://shop1.phinf.naver.net/20251209_190/1765269074695jGE8R_JPEG/20232088979967066_1683496221.jpg,포트메리온
11738125921,포트메리온 포모나 벨머그 0.28L 1p,포트메리온 포모나 벨머그 0.28L 1p - 포트메리온 머그 제품입니다.,in stock,new,41700 KRW,25020 KRW,https://mkt.shopping.naver.com/link/6a9ca959a6c15e131958025e,https://shop1.phinf.naver.net/20250419_266/1745036376606v4Qoj_JPEG/27136730752743489_62252462.jpg,포트메리온
11738116590,포트메리온 포모나 대접 14cm 1p,포트메리온 포모나 대접 14cm 1p - 포트메리온 대접 제품입니다.,in stock,new,48700 KRW,29220 KRW,https://mkt.shopping.naver.com/link/6a9ca95942ac2e03d314cc43,https://shop1.phinf.naver.net/20251209_295/17652699397960zlx2_JPEG/91910031314924208_2120823153.jpg,포트메리온
11738091079,포트메리온 포모나 공기 12cm 1p,포트메리온 포모나 공기 12cm 1p - 포트메리온 공기 제품입니다.,in stock,new,43400 KRW,26040 KRW,https://mkt.shopping.naver.com/link/6a9ca959cc78491a7acb56cd,https://shop1.phinf.naver.net/20251209_63/1765267537301rvpOE_JPEG/2266805292250040_31440106.jpg,포트메리온
11737950047,[핫딜]포트메리온 포모나 BF머그 0.26L 1p,[핫딜]포트메리온 포모나 BF머그 0.26L 1p - 포트메리온 머그 제품입니다.,in stock,new,41400 KRW,16560 KRW,https://mkt.shopping.naver.com/link/6a9ca959a6c15e131958025f,https://shop1.phinf.naver.net/20250419_151/1745029524145PfplP_JPEG/79162446083890844_1517639145.jpg,포트메리온
11737870659,포트메리온 보타닉 로즈 파스타볼 22cm 1p,포트메리온 보타닉 로즈 파스타볼 22cm 1p - 포트메리온 볼 제품입니다.,in stock,new,47700 KRW,30050 KRW,https://mkt.shopping.naver.com/link/6a9ca9598045e373d81cb45b,https://shop1.phinf.naver.net/20250419_168/1745028783816kMz0A_JPEG/79161622961687414_946378237.jpg,포트메리온
11737857549,포트메리온 보타닉 로즈 소접시(D형) 18cm 1p,포트메리온 보타닉 로즈 소접시(D형) 18cm 1p - 포트메리온 접시 제품입니다.,in stock,new,36900 KRW,23240 KRW,https://mkt.shopping.naver.com/link/6a9ca9597a192905d5e97505,https://shop1.phinf.naver.net/20250419_199/1745028234670Ejbbm_JPEG/76636263584254237_1157057536.jpg,포트메리온
11737819311,포트메리온 보타닉 로즈 중접시(D형) 21cm 1p,포트메리온 보타닉 로즈 중접시(D형) 21cm 1p - 포트메리온 접시 제품입니다.,in stock,new,44000 KRW,22000 KRW,https://mkt.shopping.naver.com/link/6a9ca9598045e373d81cb45c,https://shop1.phinf.naver.net/20250419_189/1745027529400dtTez_JPEG/8012383126132166_153418310.jpg,포트메리온
11737814946,포트메리온 보타닉 로즈 대접시(D형) 26cm 1p,포트메리온 보타닉 로즈 대접시(D형) 26cm 1p - 포트메리온 접시 제품입니다.,in stock,new,50300 KRW,25150 KRW,https://mkt.shopping.naver.com/link/6a9ca9597c3acb4dfa6f3369,https://shop1.phinf.naver.net/20250419_217/1745027057905THV3F_JPEG/71056543167024640_1126841513.jpg,포트메리온
11734986568,포트메리온 보타닉 로즈 오트밀(D형) 16cm 1p,포트메리온 보타닉 로즈 오트밀(D형) 16cm 1p - 포트메리온 볼 제품입니다.,in stock,new,37000 KRW,23310 KRW,https://mkt.shopping.naver.com/link/6a9ca95924d89e7244ea1d2f,https://shop1.phinf.naver.net/20250418_200/1744960357186QykRh_JPEG/79093124329253838_534121748.jpg,포트메리온
11734968396,포트메리온 보타닉 로즈 브레드접시(D형) 15cm 1p,포트메리온 보타닉 로즈 브레드접시(D형) 15cm 1p - 포트메리온 접시 제품입니다.,in stock,new,33300 KRW,20970 KRW,https://mkt.shopping.naver.com/link/6a9ca9597c3acb4dfa6f336a,https://shop1.phinf.naver.net/20250418_269/1744960023768sOT4p_JPEG/169081647969894_1930492971.jpg,포트메리온
11734925169,포트메리온 보타닉 로즈 벨머그 0.28L 1p,포트메리온 보타닉 로즈 벨머그 0.28L 1p - 포트메리온 머그 제품입니다.,in stock,new,41700 KRW,20850 KRW,https://mkt.shopping.naver.com/link/6a9ca95924d89e7244ea1d31,https://shop1.phinf.naver.net/20250418_26/1744958981318aGqDI_JPEG/27059335474025413_1363406588.jpg,포트메리온
11734893192,포트메리온 보타닉 로즈 대접 14cm 1p,포트메리온 보타닉 로즈 대접 14cm 1p - 포트메리온 대접 제품입니다.,in stock,new,48700 KRW,30680 KRW,https://mkt.shopping.naver.com/link/6a9ca95924d89e7244ea1d2e,https://shop1.phinf.naver.net/20250418_215/1744958589332mBXjo_JPEG/73283412193964049_350490564.jpg,포트메리온
11734879364,포트메리온 보타닉 로즈 뉴볼 17cm 1p,포트메리온 보타닉 로즈 뉴볼 17cm 1p - 포트메리온 볼 제품입니다.,in stock,new,34300 KRW,21600 KRW,https://mkt.shopping.naver.com/link/6a9ca9592a761a0154b8b834,https://shop1.phinf.naver.net/20250418_138/1744958265379Dp44D_JPEG/39501010597804305_1948555450.jpg,포트메리온
11734832063,포트메리온 보타닉 로즈 공기 12cm 1p,포트메리온 보타닉 로즈 공기 12cm 1p - 포트메리온 공기 제품입니다.,in stock,new,43400 KRW,27340 KRW,https://mkt.shopping.naver.com/link/6a9ca95924d89e7244ea1d30,https://shop1.phinf.naver.net/20250418_93/1744956997162n0V0k_JPEG/79089774705041967_2069754841.jpg,포트메리온
11734786689,포트메리온 보타닉 로즈 BF머그 0.26L 1p,포트메리온 보타닉 로즈 BF머그 0.26L 1p - 포트메리온 머그 제품입니다.,in stock,new,41400 KRW,20700 KRW,https://mkt.shopping.naver.com/link/6a9ca9592a761a0154b8b835,https://shop1.phinf.naver.net/20250418_113/1744956320575gdY62_JPEG/776251695633160_962454961.jpg,포트메리온
11734240492,"포트메리온 베리에이션 커피머그 0.28L 1p (A,B)","포트메리온 베리에이션 커피머그 0.28L 1p (A,B) - 포트메리온 머그 제품입니다.",in stock,new,42800 KRW,29960 KRW,https://mkt.shopping.naver.com/link/6a9ca9596c48fc7df4a0ebd3,https://shop1.phinf.naver.net/20250418_238/1744946243145iwJKU_JPEG/36694035056632691_1391838348.jpg,포트메리온
11731009755,"포트메리온 베리에이션 커피머그 0.28L 1p (C,D)","포트메리온 베리에이션 커피머그 0.28L 1p (C,D) - 포트메리온 머그 제품입니다.",in stock,new,42800 KRW,29960 KRW,https://mkt.shopping.naver.com/link/6a9ca9597a192905d5e97506,https://shop1.phinf.naver.net/20250417_115/1744878541535blk9C_JPEG/76486570452167592_1532070710.jpg,포트메리온
11730911097,포트메리온 베리에이션 소접시(D형) 18cm 1p,포트메리온 베리에이션 소접시(D형) 18cm 1p - 포트메리온 접시 제품입니다.,in stock,new,36900 KRW,25830 KRW,https://mkt.shopping.naver.com/link/6a9ca9597a192905d5e97507,https://shop1.phinf.naver.net/20250417_22/1744876992865HneHG_JPEG/70906478140414437_460454653.jpg,포트메리온
11730409308,포트메리온 실리콘 뚜껑 4P 세트,포트메리온 실리콘 뚜껑 4P 세트 - 포트메리온 냄비부자재 제품입니다.,out of stock,new,12000 KRW,9000 KRW,https://mkt.shopping.naver.com/link/6a9ca95924d89e7244ea1d32,https://shop1.phinf.naver.net/20250404_190/1743745215837nY0hp_JPEG/30602068954312411_4142710.jpg,포트메리온
11717011416,포트메리온 보타닉 가든 오트밀(D형) 16cm 2p,포트메리온 보타닉 가든 오트밀(D형) 16cm 2p - 포트메리온 볼 제품입니다.,in stock,new,74000 KRW,55500 KRW,https://mkt.shopping.naver.com/link/6a9ca9598045e373d81cb45d,https://shop1.phinf.naver.net/20250414_100/1744617904357SnpeL_JPEG/9342460504068341_1850455883.jpg,포트메리온
11716896445,포트메리온 보타닉 가든 테라스 머그 HM 0.35L 2p,포트메리온 보타닉 가든 테라스 머그 HM 0.35L 2p - 포트메리온 머그 제품입니다.,in stock,new,64800 KRW,45360 KRW,https://mkt.shopping.naver.com/link/6a9ca9598a20a72cfec87d01,https://shop1.phinf.naver.net/20260616_205/17815940576220KeAi_JPEG/36283913578235829_121375124.jpg,포트메리온
11716864147,포트메리온 보타닉 가든 뉴 머그 글라스 0.4L 4p,포트메리온 보타닉 가든 뉴 머그 글라스 0.4L 4p - 포트메리온 머그 제품입니다.,in stock,new,109600 KRW,82200 KRW,https://mkt.shopping.naver.com/link/6a9ca95924d89e7244ea1d33,https://shop1.phinf.naver.net/20260609_5/1780966507127NMNYW_JPEG/94063416125506907_1433310459.jpg,포트메리온
11702216520,"포트메리온 보타닉 가든 정사각 밀폐 (대,중,소) 3종 세트","포트메리온 보타닉 가든 정사각 밀폐 (대,중,소) 3종 세트 - 포트메리온 도자기/유리용기세트 제품입니다.",out of stock,new,130600 KRW,97950 KRW,https://mkt.shopping.naver.com/link/6a9ca9597c3acb4dfa6f336b,https://shop1.phinf.naver.net/20250410_201/1744266260233pNdld_JPEG/78399031011230150_105060131.jpg,포트메리온
11701764810,"포트메리온 보타닉 가든 직사각 밀폐 (대,중) 2종 세트","포트메리온 보타닉 가든 직사각 밀폐 (대,중) 2종 세트 - 포트메리온 도자기/유리용기세트 제품입니다.",in stock,new,132000 KRW,99000 KRW,https://mkt.shopping.naver.com/link/6a9ca9597c3acb4dfa6f336c,https://shop1.phinf.naver.net/20260615_147/1781509668290xUpYI_JPEG/6813856426964497_294272584.jpg,포트메리온
11701569449,포트메리온 보타닉 가든 미니냄비 13cm,포트메리온 보타닉 가든 미니냄비 13cm - 포트메리온 전자레인지/오븐 용기 제품입니다.,in stock,new,65000 KRW,48750 KRW,https://mkt.shopping.naver.com/link/6a9ca9596c48fc7df4a0ebd4,https://shop1.phinf.naver.net/20250410_161/1744263296733BK5g1_JPEG/78396081865085190_500072920.jpg,포트메리온
11701531578,포트메리온 보타닉 가든 스파이스자 HM 0.1L 3종 세트,포트메리온 보타닉 가든 스파이스자 HM 0.1L 3종 세트 - 포트메리온 양념통/설탕프림기 제품입니다.,in stock,new,74100 KRW,55570 KRW,https://mkt.shopping.naver.com/link/6a9ca959cc78491a7acb56ce,https://shop1.phinf.naver.net/20250410_163/1744262257614do1jC_JPEG/75657746553862_894058581.jpg,포트메리온
11681230819,포트메리온 베리에이션 스파이스자 0.15L,포트메리온 베리에이션 스파이스자 0.15L - 포트메리온 도자기/유리용기단품 제품입니다.,in stock,new,49300 KRW,34510 KRW,https://mkt.shopping.naver.com/link/6a9ca959a6c15e1319580261,https://shop1.phinf.naver.net/20250405_153/1743835458075FKkk8_JPEG/19510265199832285_1819690061.jpg,포트메리온
11681205271,포트메리온 베리에이션 비어 머그 0.45L 1p,포트메리온 베리에이션 비어 머그 0.45L 1p - 포트메리온 머그 제품입니다.,in stock,new,42000 KRW,29400 KRW,https://mkt.shopping.naver.com/link/6a9ca959cc78491a7acb56cf,https://shop1.phinf.naver.net/20250405_110/1743834751108aOd0d_JPEG/24616987654697952_383369690.jpg,포트메리온
11681181348,포트메리온 베리에이션 벨머그 0.28L 1p,포트메리온 베리에이션 벨머그 0.28L 1p - 포트메리온 머그 제품입니다.,in stock,new,41700 KRW,29190 KRW,https://mkt.shopping.naver.com/link/6a9ca95942ac2e03d314cc44,https://shop1.phinf.naver.net/20250405_69/1743834491583xdGUu_JPEG/14361346409561922_1705520078.jpg,포트메리온
11681120675,포트메리온 베리에이션 만다린머그 0.28L 1p,포트메리온 베리에이션 만다린머그 0.28L 1p - 포트메리온 머그 제품입니다.,in stock,new,42800 KRW,29960 KRW,https://mkt.shopping.naver.com/link/6a9ca9597a192905d5e97508,https://shop1.phinf.naver.net/20250405_159/174383367044358KVK_JPEG/25263874223692045_1188846106.jpg,포트메리온
11681110528,포트메리온 베리에이션 로우머그 0.4L 1p,포트메리온 베리에이션 로우머그 0.4L 1p - 포트메리온 머그 제품입니다.,in stock,new,39100 KRW,27370 KRW,https://mkt.shopping.naver.com/link/6a9ca95924d89e7244ea1d35,https://shop1.phinf.naver.net/20250405_225/1743833384561n750Y_JPEG/62136691518553498_92133424.jpg,포트메리온
11681096797,"포트메리온 베리에이션 대접 14cm 1p (A,B)","포트메리온 베리에이션 대접 14cm 1p (A,B) - 포트메리온 대접 제품입니다.",in stock,new,48700 KRW,34090 KRW,https://mkt.shopping.naver.com/link/6a9ca95924d89e7244ea1d34,https://shop1.phinf.naver.net/20250405_296/17438330831171qEQX_JPEG/77965921246287134_1383942036.jpg,포트메리온
11681087061,"포트메리온 베리에이션 대접 14cm 1p (C,D)","포트메리온 베리에이션 대접 14cm 1p (C,D) - 포트메리온 대접 제품입니다.",in stock,new,48700 KRW,34090 KRW,https://mkt.shopping.naver.com/link/6a9ca959a6c15e1319580260,https://shop1.phinf.naver.net/20250405_280/1743832513484gdrHx_JPEG/77965363624242031_1812797291.jpg,포트메리온
11681066317,포트메리온 베리에이션 뉴볼 17cm 1p,포트메리온 베리에이션 뉴볼 17cm 1p - 포트메리온 볼 제품입니다.,in stock,new,37200 KRW,26040 KRW,https://mkt.shopping.naver.com/link/6a9ca9596c48fc7df4a0ebd5,https://shop1.phinf.naver.net/20250405_268/1743832024986Lcnns_JPEG/97107199154573997_2053988206.jpg,포트메리온
11681037880,포트메리온 베리에이션 뉴볼 HM 13cm 1p,포트메리온 베리에이션 뉴볼 HM 13cm 1p - 포트메리온 볼 제품입니다.,in stock,new,34300 KRW,24010 KRW,https://mkt.shopping.naver.com/link/6a9ca95924d89e7244ea1d36,https://shop1.phinf.naver.net/20250405_156/1743831292528PDmia_JPEG/2209388818042421_2064567752.jpg,포트메리온
11681020398,포트메리온 베리에이션 공기(소) 11cm 1p,포트메리온 베리에이션 공기(소) 11cm 1p - 포트메리온 공기 제품입니다.,in stock,new,42200 KRW,29540 KRW,https://mkt.shopping.naver.com/link/6a9ca9592a761a0154b8b836,https://shop1.phinf.naver.net/20250405_104/17438308248273l0A8_JPEG/77963656992431464_944939277.jpg,포트메리온
11681005299,포트메리온 베리에이션 공기 12cm 1p,포트메리온 베리에이션 공기 12cm 1p - 포트메리온 공기 제품입니다.,in stock,new,43400 KRW,30380 KRW,https://mkt.shopping.naver.com/link/6a9ca959cc78491a7acb56d0,https://shop1.phinf.naver.net/20250405_152/1743830416354ztCXf_JPEG/19505223455031066_743060027.jpg,포트메리온
11680991621,포트메리온 베리에이션 BF커피잔(T형) 0.28L 1인조,포트메리온 베리에이션 BF커피잔(T형) 0.28L 1인조 - 포트메리온 찻잔 제품입니다.,in stock,new,61100 KRW,42770 KRW,https://mkt.shopping.naver.com/link/6a9ca9598a20a72cfec87d03,https://shop1.phinf.naver.net/20250405_73/1743830061529FcA3B_JPEG/2208157818758159_1722442876.jpg,포트메리온
11680978137,포트메리온 베리에이션 BF커피잔(D형) 0.26L 1인조,포트메리온 베리에이션 BF커피잔(D형) 0.26L 1인조 - 포트메리온 찻잔 제품입니다.,in stock,new,57400 KRW,40180 KRW,https://mkt.shopping.naver.com/link/6a9ca9598a20a72cfec87d02,https://shop1.phinf.naver.net/20250405_296/1743829312996akHId_JPEG/77962145145955233_794673100.jpg,포트메리온
11680952945,"포트메리온 베리에이션 BF머그 0.26L 1p (C,D)","포트메리온 베리에이션 BF머그 0.26L 1p (C,D) - 포트메리온 머그 제품입니다.",in stock,new,42500 KRW,34000 KRW,https://mkt.shopping.naver.com/link/6a9ca959a6c15e1319580262,https://shop1.phinf.naver.net/20250405_35/1743828062175KpxOI_JPEG/77960894335372129_1208844693.jpg,포트메리온
11680902251,포트메리온 뉴베리에이션 파스타볼 24cm 1p,포트메리온 뉴베리에이션 파스타볼 24cm 1p - 포트메리온 볼 제품입니다.,in stock,new,50500 KRW,42920 KRW,https://mkt.shopping.naver.com/link/6a9ca95924d89e7244ea1d37,https://shop1.phinf.naver.net/20250405_237/1743827201995AxkF2_JPEG/77960040114224086_1055344492.jpg,포트메리온
11677676067,포트메리온 뉴베리에이션 티타임 2인 세트 (T형),포트메리온 뉴베리에이션 티타임 2인 세트 (T형) - 포트메리온 홈세트 제품입니다.,in stock,new,151500 KRW,113620 KRW,https://mkt.shopping.naver.com/link/6a9ca9597a192905d5e97509,https://shop1.phinf.naver.net/20260102_131/1767320094161yiu2u_JPEG/76568613466470692_1137829383.jpg,포트메리온
11677547311,포트메리온 뉴베리에이션 로우머그 0.4L 4p,포트메리온 뉴베리에이션 로우머그 0.4L 4p - 포트메리온 머그 제품입니다.,in stock,new,165200 KRW,125700 KRW,https://mkt.shopping.naver.com/link/6a9ca9596c48fc7df4a0ebd6,https://shop1.phinf.naver.net/20250404_33/1743750513288XcpGt_JPEG/76567777174452050_1462887939.jpg,포트메리온
11677189937,포트메리온 보타닉 가든 악센트볼 5p (실리콘 뚜껑 4p 포함),포트메리온 보타닉 가든 악센트볼 5p (실리콘 뚜껑 4p 포함) - 포트메리온 볼 제품입니다.,in stock,new,111800 KRW,49900 KRW,https://mkt.shopping.naver.com/link/6a9ca9597c3acb4dfa6f336d,https://shop1.phinf.naver.net/20250404_80/1743744800674XTkk3_JPEG/6733031811107630_1601467912.jpg,포트메리온
11672508670,포트메리온 보타닉 가든 NBG 한수저 2벌 세트 NEW,포트메리온 보타닉 가든 NBG 한수저 2벌 세트 NEW - 포트메리온 수저 제품입니다.,out of stock,new,170000 KRW,79900 KRW,https://mkt.shopping.naver.com/link/6a9ca95942ac2e03d314cc46,https://shop1.phinf.naver.net/20250403_257/1743659039721i2eKO_JPEG/7204974545422127_899787249.jpg,포트메리온
11652512919,포트메리온 뉴베리에이션 파스타볼 22cm 1p,포트메리온 뉴베리에이션 파스타볼 22cm 1p - 포트메리온 볼 제품입니다.,in stock,new,49900 KRW,42410 KRW,https://mkt.shopping.naver.com/link/6a9ca9597a192905d5e9750b,https://shop1.phinf.naver.net/20250329_43/1743231298258evnVU_JPEG/77364090170599437_2142487734.jpg,포트메리온
11652464149,포트메리온 뉴베리에이션 티슈박스커버 26cm,포트메리온 뉴베리에이션 티슈박스커버 26cm - 포트메리온 화장지케이스 제품입니다.,in stock,new,105000 KRW,89250 KRW,https://mkt.shopping.naver.com/link/6a9ca959cc78491a7acb56d1,https://shop1.phinf.naver.net/20260612_87/1781243279097ne8oj_JPEG/115376068237319785_1893796868.jpg,포트메리온
11652418697,포트메리온 뉴베리에이션 컨템포러리 머그 0.36L 1p,포트메리온 뉴베리에이션 컨템포러리 머그 0.36L 1p - 포트메리온 머그 제품입니다.,in stock,new,26000 KRW,22100 KRW,https://mkt.shopping.naver.com/link/6a9ca9598a20a72cfec87d04,https://shop1.phinf.naver.net/20250329_109/1743229656029NsJWR_JPEG/34000516980759895_857776962.jpg,포트메리온
11652389285,포트메리온 뉴베리에이션 커피잔(T형) 0.2L 1인조,포트메리온 뉴베리에이션 커피잔(T형) 0.2L 1인조 - 포트메리온 찻잔 제품입니다.,in stock,new,53200 KRW,45220 KRW,https://mkt.shopping.naver.com/link/6a9ca9598045e373d81cb45e,https://shop1.phinf.naver.net/20250329_229/1743228775249RnpLC_JPEG/77361632372523625_623420561.jpg,포트메리온
11652312664,포트메리온 뉴베리에이션 스카터 쟁반(소) 21cm 1p,포트메리온 뉴베리에이션 스카터 쟁반(소) 21cm 1p - 포트메리온 쟁반 제품입니다.,out of stock,new,8800 KRW,7480 KRW,https://mkt.shopping.naver.com/link/6a9ca959cc78491a7acb56d2,https://shop1.phinf.naver.net/20250329_270/1743228398925EWQWs_JPEG/93925938872128855_468845421.jpg,포트메리온
11652297495,포트메리온 뉴베리에이션 스카터 쟁반(중) 30cm 1p,포트메리온 뉴베리에이션 스카터 쟁반(중) 30cm 1p - 포트메리온 쟁반 제품입니다.,out of stock,new,15900 KRW,13510 KRW,https://mkt.shopping.naver.com/link/6a9ca95942ac2e03d314cc45,https://shop1.phinf.naver.net/20250329_179/1743228331482AC3A4_JPEG/6216562631644447_1285239028.jpg,포트메리온
11652257539,포트메리온 뉴베리에이션 커피머그 0.28L 1p,포트메리온 뉴베리에이션 커피머그 0.28L 1p - 포트메리온 머그 제품입니다.,in stock,new,43900 KRW,37310 KRW,https://mkt.shopping.naver.com/link/6a9ca9597a192905d5e9750a,https://shop1.phinf.naver.net/20250329_74/17432257733765yRe2_JPEG/93923313323431081_1603277629.jpg,포트메리온
11652209639,포트메리온 뉴베리에이션 소접시(D형) 18cm 1p,포트메리온 뉴베리에이션 소접시(D형) 18cm 1p - 포트메리온 접시 제품입니다.,in stock,new,37800 KRW,32130 KRW,https://mkt.shopping.naver.com/link/6a9ca9597c3acb4dfa6f336e,https://shop1.phinf.naver.net/20250329_114/1743224955864zxLUa_JPEG/77357747950797451_2052013844.jpg,포트메리온
11652198510,포트메리온 뉴베리에이션 중접시(D형) 21cm 1p,포트메리온 뉴베리에이션 중접시(D형) 21cm 1p - 포트메리온 접시 제품입니다.,in stock,new,45100 KRW,38330 KRW,https://mkt.shopping.naver.com/link/6a9ca95924d89e7244ea1d38,https://shop1.phinf.naver.net/20251212_223/1765500680741xqYI0_JPEG/80509174767392518_1063596942.jpg,포트메리온
11652181311,포트메리온 뉴베리에이션 대접시(D형) 26cm 1p,포트메리온 뉴베리에이션 대접시(D형) 26cm 1p - 포트메리온 접시 제품입니다.,out of stock,new,47200 KRW,40120 KRW,https://mkt.shopping.naver.com/link/6a9ca95924d89e7244ea1d39,https://shop1.phinf.naver.net/20250329_64/1743224176652REynl_JPEG/33995037566055616_79019723.jpg,포트메리온
11652158970,포트메리온 뉴베리에이션 스카터 쟁반(대) 39cm 1p,포트메리온 뉴베리에이션 스카터 쟁반(대) 39cm 1p - 포트메리온 쟁반 제품입니다.,out of stock,new,19900 KRW,16910 KRW,https://mkt.shopping.naver.com/link/6a9ca9597c3acb4dfa6f336f,https://shop1.phinf.naver.net/20250422_45/17453037065720xR6u_JPEG/27404060720118129_1690911151.jpg,포트메리온
11652105451,포트메리온 뉴베리에이션 스카터 쟁반 대중소 3p,포트메리온 뉴베리에이션 스카터 쟁반 대중소 3p - 포트메리온 쟁반 제품입니다.,in stock,new,56000 KRW,47600 KRW,https://mkt.shopping.naver.com/link/6a9ca9598045e373d81cb45f,https://shop1.phinf.naver.net/20260612_20/1781247776730nN1vt_JPEG/13599130552646257_128395507.jpg,포트메리온
11652090621,포트메리온 뉴베리에이션 오트밀(D형) 16cm 1p,포트메리온 뉴베리에이션 오트밀(D형) 16cm 1p - 포트메리온 볼 제품입니다.,in stock,new,38000 KRW,32300 KRW,https://mkt.shopping.naver.com/link/6a9ca9597a192905d5e9750c,https://shop1.phinf.naver.net/20250329_121/1743221936980CegQK_JPEG/77354729074264800_1182355882.jpg,포트메리온
11652059401,포트메리온 뉴베리에이션 스프접시(D형) 21cm 1p,포트메리온 뉴베리에이션 스프접시(D형) 21cm 1p - 포트메리온 접시 제품입니다.,in stock,new,50300 KRW,42750 KRW,https://mkt.shopping.naver.com/link/6a9ca959cc78491a7acb56d3,https://shop1.phinf.naver.net/20250329_10/1743221216477kvRUd_JPEG/61524523425779122_1507569933.jpg,포트메리온
11651899935,포트메리온 뉴베리에이션 스퀘어플레이트(소) 16cm 1p,포트메리온 뉴베리에이션 스퀘어플레이트(소) 16cm 1p - 포트메리온 접시 제품입니다.,in stock,new,37500 KRW,31870 KRW,https://mkt.shopping.naver.com/link/6a9ca9592a761a0154b8b837,https://shop1.phinf.naver.net/20250329_184/1743216848001HtIlG_JPEG/61749739158411275_1328778086.jpg,포트메리온
11651845437,포트메리온 뉴베리에이션 스퀘어플레이트(중) 21cm 1p,포트메리온 뉴베리에이션 스퀘어플레이트(중) 21cm 1p - 포트메리온 접시 제품입니다.,in stock,new,48300 KRW,41050 KRW,https://mkt.shopping.naver.com/link/6a9ca95942ac2e03d314cc47,https://shop1.phinf.naver.net/20250329_134/17432158788876kBHP_JPEG/31109374982473502_1326058546.jpg,포트메리온
11644656719,포트메리온 뉴베리에이션 스퀘어플레이트(대) 27cm 1p,포트메리온 뉴베리에이션 스퀘어플레이트(대) 27cm 1p - 포트메리온 접시 제품입니다.,in stock,new,59500 KRW,50570 KRW,https://mkt.shopping.naver.com/link/6a9ca959a6c15e1319580263,https://shop1.phinf.naver.net/20250327_246/17430569745572FydS_JPEG/77189835680796865_136706754.jpg,포트메리온
11644537689,포트메리온 뉴베리에이션 샐러드볼 20cm 1p,포트메리온 뉴베리에이션 샐러드볼 20cm 1p - 포트메리온 볼 제품입니다.,in stock,new,100800 KRW,85680 KRW,https://mkt.shopping.naver.com/link/6a9ca9598045e373d81cb460,https://shop1.phinf.naver.net/20250327_44/1743055417176PNopq_JPEG/77188219710014667_1056954248.jpg,포트메리온
11644478388,포트메리온 뉴베리에이션 샐러드볼 17cm 1p,포트메리온 뉴베리에이션 샐러드볼 17cm 1p - 포트메리온 볼 제품입니다.,in stock,new,87900 KRW,74710 KRW,https://mkt.shopping.naver.com/link/6a9ca95942ac2e03d314cc48,https://shop1.phinf.naver.net/20250327_200/1743054605607Pb6GX_JPEG/25486676725462991_824718116.jpg,포트메리온
11644410884,포트메리온 뉴베리에이션 브레드접시(R형) 16cm 1p,포트메리온 뉴베리에이션 브레드접시(R형) 16cm 1p - 포트메리온 접시 제품입니다.,in stock,new,35500 KRW,30170 KRW,https://mkt.shopping.naver.com/link/6a9ca9592a761a0154b8b838,https://shop1.phinf.naver.net/20250327_77/1743054224374ycznl_JPEG/5865695497851030_527139201.jpg,포트메리온
11644352123,포트메리온 뉴베리에이션 브레드접시(D형) 15cm 1p,포트메리온 뉴베리에이션 브레드접시(D형) 15cm 1p - 포트메리온 접시 제품입니다.,in stock,new,34400 KRW,29240 KRW,https://mkt.shopping.naver.com/link/6a9ca9592a761a0154b8b83a,https://shop1.phinf.naver.net/20250327_56/17430456966313o7wt_JPEG/34769472587019580_1015466020.jpg,포트메리온
11643942205,"포트메리온 뉴베리에이션 벨머그 0.28L 1p (C,D)","포트메리온 뉴베리에이션 벨머그 0.28L 1p (C,D) - 포트메리온 머그 제품입니다.",in stock,new,43900 KRW,37310 KRW,https://mkt.shopping.naver.com/link/6a9ca95942ac2e03d314cc49,https://shop1.phinf.naver.net/20250327_100/1743045313748gd7qE_JPEG/77399726562397685_1461243957.jpg,포트메리온
11643930570,"포트메리온 뉴베리에이션 벨머그 0.28L 1p (A,B)","포트메리온 뉴베리에이션 벨머그 0.28L 1p (A,B) - 포트메리온 머그 제품입니다.",in stock,new,43900 KRW,37310 KRW,https://mkt.shopping.naver.com/link/6a9ca959cc78491a7acb56d4,https://shop1.phinf.naver.net/20250327_26/1743044705589K99Sr_JPEG/11704140465338968_585537712.jpg,포트메리온
11643879025,포트메리온 뉴베리에이션 매트(중) 33cm 4p,포트메리온 뉴베리에이션 매트(중) 33cm 4p - 포트메리온 식탁매트 제품입니다.,in stock,new,61200 KRW,52020 KRW,https://mkt.shopping.naver.com/link/6a9ca9596c48fc7df4a0ebd8,https://shop1.phinf.naver.net/20250327_259/174304399982760NKu_JPEG/12913244937277398_1463052799.jpg,포트메리온
11643860021,포트메리온 뉴베리에이션 매트(대) 40cm 4p,포트메리온 뉴베리에이션 매트(대) 40cm 4p - 포트메리온 식탁매트 제품입니다.,in stock,new,77200 KRW,65620 KRW,https://mkt.shopping.naver.com/link/6a9ca9592a761a0154b8b839,https://shop1.phinf.naver.net/20250327_2/1743043552302zYnmT_JPEG/52518680296888176_443991940.jpg,포트메리온
11643810204,포트메리온 뉴베리에이션 만다린머그 0.28L 1p,포트메리온 뉴베리에이션 만다린머그 0.28L 1p - 포트메리온 머그 제품입니다.,in stock,new,43900 KRW,37310 KRW,https://mkt.shopping.naver.com/link/6a9ca9596c48fc7df4a0ebd7,https://shop1.phinf.naver.net/20250327_104/1743042398889he5h2_JPEG/77175381996015408_902108909.jpg,포트메리온
11643778792,포트메리온 뉴베리에이션 로우볼 14cm 1p,포트메리온 뉴베리에이션 로우볼 14cm 1p - 포트메리온 볼 제품입니다.,in stock,new,35600 KRW,30260 KRW,https://mkt.shopping.naver.com/link/6a9ca95942ac2e03d314cc4b,https://shop1.phinf.naver.net/20250327_4/1743041681188UeBoT_JPEG/52516809213155984_1920303845.jpg,포트메리온
11643745300,"포트메리온 뉴베리에이션 공기(소) 11cm 1p (C,D)","포트메리온 뉴베리에이션 공기(소) 11cm 1p (C,D) - 포트메리온 공기 제품입니다.",in stock,new,46300 KRW,39350 KRW,https://mkt.shopping.naver.com/link/6a9ca95942ac2e03d314cc4a,https://shop1.phinf.naver.net/20250327_111/1743041285178zpc3Y_JPEG/52516413202658965_1324748881.jpg,포트메리온
11631330115,포트메리온 뉴베리에이션 로우머그 0.4L 1p,포트메리온 뉴베리에이션 로우머그 0.4L 1p - 포트메리온 머그 제품입니다.,in stock,new,41300 KRW,35100 KRW,https://mkt.shopping.naver.com/link/6a9ca9597a192905d5e9750d,https://shop1.phinf.naver.net/20250324_88/17428046816660GNGy_JPEG/15101567358239793_2072023455.jpg,포트메리온
11631305185,포트메리온 뉴베리에이션 딥파스타볼 20cm 1p,포트메리온 뉴베리에이션 딥파스타볼 20cm 1p - 포트메리온 볼 제품입니다.,in stock,new,62400 KRW,53040 KRW,https://mkt.shopping.naver.com/link/6a9ca95aa6c15e1319580264,https://shop1.phinf.naver.net/20250324_111/1742803653845feMOu_JPEG/77158066646842078_71030050.jpg,포트메리온
11631236860,포트메리온 뉴베리에이션 대접 14cm 1p,포트메리온 뉴베리에이션 대접 14cm 1p - 포트메리온 대접 제품입니다.,in stock,new,49700 KRW,42240 KRW,https://mkt.shopping.naver.com/link/6a9ca95a24d89e7244ea1d3b,https://shop1.phinf.naver.net/20250325_138/17428851487863lr1i_JPEG/77018009902926843_15735308.jpg,포트메리온
11631186115,포트메리온 뉴베리에이션 뉴볼 17cm 1p,포트메리온 뉴베리에이션 뉴볼 17cm 1p - 포트메리온 볼 제품입니다.,in stock,new,39200 KRW,33320 KRW,https://mkt.shopping.naver.com/link/6a9ca95a7a192905d5e9750e,https://shop1.phinf.naver.net/20250324_21/1742802574860aSJV8_JPEG/5614045970707500_225358875.jpg,포트메리온
11631146596,포트메리온 뉴베리에이션 뉴볼 13cm 1p,포트메리온 뉴베리에이션 뉴볼 13cm 1p - 포트메리온 볼 제품입니다.,in stock,new,34900 KRW,29660 KRW,https://mkt.shopping.naver.com/link/6a9ca95a7a192905d5e9750f,https://shop1.phinf.naver.net/20250324_167/1742801569332xA3rr_JPEG/11461004207208350_2124993253.jpg,포트메리온
11631099288,포트메리온 뉴베리에이션 공기(소) 11cm 1p,포트메리온 뉴베리에이션 공기(소) 11cm 1p - 포트메리온 공기 제품입니다.,in stock,new,46300 KRW,39350 KRW,https://mkt.shopping.naver.com/link/6a9ca95a2a761a0154b8b83c,https://shop1.phinf.naver.net/20250325_62/1742870406822KThgg_JPEG/15167292518504767_2041713664.jpg,포트메리온
11631019209,포트메리온 뉴베리에이션 공기 12cm 1p,포트메리온 뉴베리에이션 공기 12cm 1p - 포트메리온 공기 제품입니다.,in stock,new,47800 KRW,40630 KRW,https://mkt.shopping.naver.com/link/6a9ca95a24d89e7244ea1d3a,https://shop1.phinf.naver.net/20250324_258/1742799656263C5csk_JPEG/76932639357977181_1055928099.jpg,포트메리온
11630914903,포트메리온 뉴베리에이션 BF커피잔(T형) 0.28L 1인조,포트메리온 뉴베리에이션 BF커피잔(T형) 0.28L 1인조 - 포트메리온 찻잔 제품입니다.,in stock,new,62300 KRW,52950 KRW,https://mkt.shopping.naver.com/link/6a9ca95acc78491a7acb56d5,https://shop1.phinf.naver.net/20250324_13/1742798229720erV8t_JPEG/12667474849997021_618646754.jpg,포트메리온
11630847089,포트메리온 뉴베리에이션 BF커피잔(D형) 0.26L 1인조,포트메리온 뉴베리에이션 BF커피잔(D형) 0.26L 1인조 - 포트메리온 찻잔 제품입니다.,in stock,new,61400 KRW,52190 KRW,https://mkt.shopping.naver.com/link/6a9ca95a8a20a72cfec87d05,https://shop1.phinf.naver.net/20250324_135/17427969952993VnO1_JPEG/76273546338530608_1629031428.jpg,포트메리온
11630782228,"포트메리온 뉴베리에이션 BF머그 0.26L 1p (D,E)","포트메리온 뉴베리에이션 BF머그 0.26L 1p (D,E) - 포트메리온 머그 제품입니다.",in stock,new,43600 KRW,37060 KRW,https://mkt.shopping.naver.com/link/6a9ca95a7c3acb4dfa6f3370,https://shop1.phinf.naver.net/20250324_93/1742796006468r64nL_JPEG/51173298286323240_48998568.jpg,포트메리온
11630721285,포트메리온 뉴베리에이션 BF머그 0.26L 1p (C),포트메리온 뉴베리에이션 BF머그 0.26L 1p (C) - 포트메리온 머그 제품입니다.,in stock,new,43600 KRW,37060 KRW,https://mkt.shopping.naver.com/link/6a9ca95a2a761a0154b8b83b,https://shop1.phinf.naver.net/20250324_263/17427945747270uenk_JPEG/20986514865397217_1453381203.jpg,포트메리온
11520071826,포트메리온 킹슬리 파스타볼 30cm 1p,포트메리온 킹슬리 파스타볼 30cm 1p - 포트메리온 볼 제품입니다.,in stock,new,65800 KRW,46060 KRW,https://mkt.shopping.naver.com/link/6a9ca95a7c3acb4dfa6f3371,https://shop1.phinf.naver.net/20250225_41/1740464083545BLQJy_JPEG/12__1_ki.jpg,포트메리온
11520071821,포트메리온 킹슬리 커버드 슈가 0.25L,포트메리온 킹슬리 커버드 슈가 0.25L - 포트메리온 양념통/설탕프림기 제품입니다.,in stock,new,122800 KRW,85960 KRW,https://mkt.shopping.naver.com/link/6a9ca95a6c48fc7df4a0ebda,https://shop1.phinf.naver.net/20250225_72/1740464083976EWsS5_JPEG/2_ki-2.jpg,포트메리온
11520071820,포트메리온 킹슬리 접시 19cm 1p 흰색,포트메리온 킹슬리 접시 19cm 1p 흰색 - 포트메리온 접시 제품입니다.,in stock,new,42400 KRW,29680 KRW,https://mkt.shopping.naver.com/link/6a9ca95a7c3acb4dfa6f3372,https://shop1.phinf.naver.net/20250225_61/1740464083636t315z_JPEG/8__1_ki.jpg,포트메리온
11520071818,포트메리온 킹슬리 접시 23cm 1p,포트메리온 킹슬리 접시 23cm 1p - 포트메리온 접시 제품입니다.,in stock,new,43800 KRW,30660 KRW,https://mkt.shopping.naver.com/link/6a9ca95a24d89e7244ea1d3d,https://shop1.phinf.naver.net/20250225_58/1740464085073Ydt40_JPEG/9__ki.jpg,포트메리온
11520071817,포트메리온 킹슬리 접시 26cm 1p,포트메리온 킹슬리 접시 26cm 1p - 포트메리온 접시 제품입니다.,in stock,new,48800 KRW,34160 KRW,https://mkt.shopping.naver.com/link/6a9ca95a6c48fc7df4a0ebd9,https://shop1.phinf.naver.net/20250225_107/1740464083532DySce_JPEG/10.5__ki.jpg,포트메리온
11520071814,포트메리온 킹슬리 시리얼볼 18cm 1p,포트메리온 킹슬리 시리얼볼 18cm 1p - 포트메리온 볼 제품입니다.,in stock,new,45300 KRW,31710 KRW,https://mkt.shopping.naver.com/link/6a9ca95aa6c15e1319580265,https://shop1.phinf.naver.net/20250225_298/1740464083417bgw9V_JPEG/7_1_ki.jpg,포트메리온
11520071813,포트메리온 킹슬리 머그 0.35L 1p 흰색,포트메리온 킹슬리 머그 0.35L 1p 흰색 - 포트메리온 머그 제품입니다.,in stock,new,48100 KRW,33670 KRW,https://mkt.shopping.naver.com/link/6a9ca95a2a761a0154b8b83d,https://shop1.phinf.naver.net/20250225_278/1740464084039xbINK_JPEG/1_ki-4.jpg,포트메리온
11471194600,포트메리온 지알로 플래터 35cm 1p,포트메리온 지알로 플래터 35cm 1p - 포트메리온 접시 제품입니다.,in stock,new,162800 KRW,113960 KRW,https://mkt.shopping.naver.com/link/6a9ca95a24d89e7244ea1d3c,https://shop1.phinf.naver.net/20250214_82/1739516748888NnN2H_JPEG/14-1.jpg,포트메리온
11471194599,포트메리온 지알로 커피잔 0.24L 1인조,포트메리온 지알로 커피잔 0.24L 1인조 - 포트메리온 찻잔 제품입니다.,in stock,new,76200 KRW,53340 KRW,https://mkt.shopping.naver.com/link/6a9ca95acc78491a7acb56d6,https://shop1.phinf.naver.net/20250214_208/1739516749583GG3YD_JPEG/1_gi.jpg,포트메리온
11471194598,포트메리온 지알로 접시 16cm 1p,포트메리온 지알로 접시 16cm 1p - 포트메리온 접시 제품입니다.,in stock,new,38400 KRW,26880 KRW,https://mkt.shopping.naver.com/link/6a9ca95a8045e373d81cb461,https://shop1.phinf.naver.net/20250214_241/1739516749057xzDwe_JPEG/plate_6_gi.jpg,포트메리온
11471194597,포트메리온 지알로 접시 20cm 1p,포트메리온 지알로 접시 20cm 1p - 포트메리온 접시 제품입니다.,in stock,new,46800 KRW,32760 KRW,https://mkt.shopping.naver.com/link/6a9ca95a6c48fc7df4a0ebdb,https://shop1.phinf.naver.net/20250214_153/17395167493619F1DF_JPEG/plate_8_gi.jpg,포트메리온
11471194596,포트메리온 지알로 접시 27cm 1p,포트메리온 지알로 접시 27cm 1p - 포트메리온 접시 제품입니다.,in stock,new,54800 KRW,38360 KRW,https://mkt.shopping.naver.com/link/6a9ca95a6c48fc7df4a0ebdc,https://shop1.phinf.naver.net/20250214_174/1739516748628fEPtl_JPEG/10_1_gi.jpg,포트메리온
11471194595,포트메리온 지알로 시리얼볼 20cm 1p,포트메리온 지알로 시리얼볼 20cm 1p - 포트메리온 볼 제품입니다.,in stock,new,59000 KRW,41300 KRW,https://mkt.shopping.naver.com/link/6a9ca95a42ac2e03d314cc4c,https://shop1.phinf.naver.net/20250214_2/1739516749369SoLm4_JPEG/8_1_gi-1.jpg,포트메리온
11471194593,포트메리온 지알로 시리얼볼 15cm 1p,포트메리온 지알로 시리얼볼 15cm 1p - 포트메리온 볼 제품입니다.,in stock,new,43800 KRW,30660 KRW,https://mkt.shopping.naver.com/link/6a9ca95acc78491a7acb56d7,https://shop1.phinf.naver.net/20250214_263/1739516748605XUfpu_JPEG/cereal6_1_gi.jpg,포트메리온
11471194592,포트메리온 지알로 샌드위치트레이 34cm 1p,포트메리온 지알로 샌드위치트레이 34cm 1p - 포트메리온 접시 제품입니다.,in stock,new,140800 KRW,98560 KRW,https://mkt.shopping.naver.com/link/6a9ca95a8a20a72cfec87d06,https://shop1.phinf.naver.net/20250214_100/1739516749644QOF3i_JPEG/sandwich-1_gi.jpg,포트메리온
11471194591,포트메리온 지알로 볼 16cm 1p,포트메리온 지알로 볼 16cm 1p - 포트메리온 볼 제품입니다.,in stock,new,66400 KRW,46480 KRW,https://mkt.shopping.naver.com/link/6a9ca95a8045e373d81cb462,https://shop1.phinf.naver.net/20250214_174/1739516749239NrLEU_JPEG/6.5-3_gi.jpg,포트메리온
11471194590,포트메리온 지알로 머그 0.28L 1p,포트메리온 지알로 머그 0.28L 1p - 포트메리온 머그 제품입니다.,in stock,new,52600 KRW,36820 KRW,https://mkt.shopping.naver.com/link/6a9ca95acc78491a7acb56d8,https://shop1.phinf.naver.net/20250214_65/1739516748996CDUbz_JPEG/1_gi-4.jpg,포트메리온
11471194589,포트메리온 지알로 림 스프 23cm 1p,포트메리온 지알로 림 스프 23cm 1p - 포트메리온 볼 제품입니다.,in stock,new,59800 KRW,41860 KRW,https://mkt.shopping.naver.com/link/6a9ca95a7a192905d5e97511,https://shop1.phinf.naver.net/20250214_42/1739516748616B6PS1_JPEG/1_gi-1.jpg,포트메리온
11471194588,포트메리온 지알로 로우볼 14cm 1p,포트메리온 지알로 로우볼 14cm 1p - 포트메리온 볼 제품입니다.,in stock,new,41900 KRW,29330 KRW,https://mkt.shopping.naver.com/link/6a9ca95a24d89e7244ea1d3e,https://shop1.phinf.naver.net/20250214_209/1739516749053ULrSE_JPEG/14cm-1_gi.jpg,포트메리온
11471194587,포트메리온 지알로 라운드플래터 30cm 1p,포트메리온 지알로 라운드플래터 30cm 1p - 포트메리온 접시 제품입니다.,in stock,new,140800 KRW,98560 KRW,https://mkt.shopping.naver.com/link/6a9ca95a7a192905d5e97510,https://shop1.phinf.naver.net/20250214_157/1739516748791myJf5_JPEG/12-1_bg.jpg,포트메리온
11471194586,포트메리온 지알로 대접 14cm 1p,포트메리온 지알로 대접 14cm 1p - 포트메리온 대접 제품입니다.,in stock,new,56400 KRW,39480 KRW,https://mkt.shopping.naver.com/link/6a9ca95a8045e373d81cb463,https://shop1.phinf.naver.net/20250214_226/1739516748608Hodm1_JPEG/1_gi-2.jpg,포트메리온
11471194585,포트메리온 지알로 공기 11cm 1p,포트메리온 지알로 공기 11cm 1p - 포트메리온 공기 제품입니다.,in stock,new,46900 KRW,32830 KRW,https://mkt.shopping.naver.com/link/6a9ca95aa6c15e1319580266,https://shop1.phinf.naver.net/20250214_11/1739516748850RRpQb_JPEG/1_gi-3.jpg,포트메리온
11470609273,포트메리온 보타닉 가든 테라스 케익스탠드(소) 16cm 1p,포트메리온 보타닉 가든 테라스 케익스탠드(소) 16cm 1p - 포트메리온 접시 제품입니다.,in stock,new,61400 KRW,46050 KRW,https://mkt.shopping.naver.com/link/6a9ca95a24d89e7244ea1d42,https://shop1.phinf.naver.net/20250214_128/1739509232922t2xL2_JPEG/main_bgt_1200.jpg,포트메리온
11470609272,포트메리온 보타닉 가든 테라스 케익스탠드(중) 21cm 1p,포트메리온 보타닉 가든 테라스 케익스탠드(중) 21cm 1p - 포트메리온 접시 제품입니다.,in stock,new,78800 KRW,59100 KRW,https://mkt.shopping.naver.com/link/6a9ca95a24d89e7244ea1d3f,https://shop-phinf.pstatic.net/20250214_78/1739509232970sbV9E_JPEG/main_bgt_1200-1.jpg,포트메리온
11470609271,포트메리온 보타닉 가든 테라스 케익스탠드(대) 27cm 1p,포트메리온 보타닉 가든 테라스 케익스탠드(대) 27cm 1p - 포트메리온 접시 제품입니다.,in stock,new,121000 KRW,90750 KRW,https://mkt.shopping.naver.com/link/6a9ca95a24d89e7244ea1d41,https://shop1.phinf.naver.net/20250214_72/1739509233571ur6sv_JPEG/main_bgt_1200-2.jpg,포트메리온
11470609270,포트메리온 보타닉 가든 테라스 커피잔 0.2L 1인조,포트메리온 보타닉 가든 테라스 커피잔 0.2L 1인조 - 포트메리온 찻잔 제품입니다.,in stock,new,46000 KRW,34500 KRW,https://mkt.shopping.naver.com/link/6a9ca95a7c3acb4dfa6f3373,https://shop1.phinf.naver.net/20250214_65/1739509233676TFMwe_JPEG/bgt_1200.jpg,포트메리온
11470609269,포트메리온 보타닉 가든 테라스 접시 HM 18cm 1p,포트메리온 보타닉 가든 테라스 접시 HM 18cm 1p - 포트메리온 접시 제품입니다.,in stock,new,38300 KRW,28720 KRW,https://mkt.shopping.naver.com/link/6a9ca95a7a192905d5e97512,https://shop1.phinf.naver.net/20250214_265/1739509233380nKCni_JPEG/main.jpg,포트메리온
11470609268,포트메리온 보타닉 가든 테라스 접시 HM 16cm 1p,포트메리온 보타닉 가든 테라스 접시 HM 16cm 1p - 포트메리온 접시 제품입니다.,in stock,new,36100 KRW,27070 KRW,https://mkt.shopping.naver.com/link/6a9ca95a24d89e7244ea1d40,https://shop1.phinf.naver.net/20250214_243/1739509233143gtvxD_JPEG/6.5_main_bgt.jpg,포트메리온
11470609267,포트메리온 보타닉 가든 테라스 시리얼볼 16.5cm 1p,포트메리온 보타닉 가든 테라스 시리얼볼 16.5cm 1p - 포트메리온 볼 제품입니다.,in stock,new,35700 KRW,26770 KRW,https://mkt.shopping.naver.com/link/6a9ca95a8a20a72cfec87d07,https://shop1.phinf.naver.net/20250214_59/1739509232685msF4m_JPEG/16_bgt.jpg,포트메리온
11470609266,포트메리온 보타닉 가든 테라스 시리얼볼 13.5cm 1p,포트메리온 보타닉 가든 테라스 시리얼볼 13.5cm 1p - 포트메리온 볼 제품입니다.,in stock,new,31200 KRW,23400 KRW,https://mkt.shopping.naver.com/link/6a9ca95acc78491a7acb56d9,https://shop1.phinf.naver.net/20250214_299/1739509233786sic9d_JPEG/13_bgt.jpg,포트메리온
11470609265,포트메리온 보타닉 가든 테라스 머그 HM 0.35L 1p,포트메리온 보타닉 가든 테라스 머그 HM 0.35L 1p - 포트메리온 머그 제품입니다.,in stock,new,32400 KRW,24300 KRW,https://mkt.shopping.naver.com/link/6a9ca95a8a20a72cfec87d08,https://shop1.phinf.naver.net/20250214_89/1739509233023n6Ab3_JPEG/c_bgt.jpg,포트메리온
11470609264,포트메리온 보타닉 가든 딥볼 겸 티라이트 홀더 8cm 4p,포트메리온 보타닉 가든 딥볼 겸 티라이트 홀더 8cm 4p - 포트메리온 소스기 제품입니다.,in stock,new,56000 KRW,42000 KRW,https://mkt.shopping.naver.com/link/6a9ca95acc78491a7acb56da,https://shop1.phinf.naver.net/20260615_133/17815053737348fTDK_JPEG/115638322396466900_1873613426.jpg,포트메리온
11470609263,포트메리온 보타닉 가든 테라스 딥볼 17cm(면기) 1p,포트메리온 보타닉 가든 테라스 딥볼 17cm(면기) 1p - 포트메리온 면기 제품입니다.,out of stock,new,38000 KRW,28500 KRW,https://mkt.shopping.naver.com/link/6a9ca95aa6c15e1319580267,https://shop1.phinf.naver.net/20250214_150/1739509232969NHVtJ_JPEG/7_a_4-1_bgt.jpg,포트메리온
11470609262,포트메리온 보타닉 가든 테라스 딥볼 14cm(대접) 1p,포트메리온 보타닉 가든 테라스 딥볼 14cm(대접) 1p - 포트메리온 대접 제품입니다.,in stock,new,37700 KRW,28270 KRW,https://mkt.shopping.naver.com/link/6a9ca95aa6c15e1319580268,https://shop1.phinf.naver.net/20250214_111/1739509232696NYgPL_JPEG/5_c_41-1_bgt.jpg,포트메리온
11470068271,포트메리온 보타닉 가든 테라스 딥볼 12cm(공기) 1p,포트메리온 보타닉 가든 테라스 딥볼 12cm(공기) 1p - 포트메리온 공기 제품입니다.,in stock,new,28000 KRW,21000 KRW,https://mkt.shopping.naver.com/link/6a9ca95a2a761a0154b8b83e,https://shop1.phinf.naver.net/20250214_246/1739508538846M8Tds_JPEG/4021229366576267_1435971142.jpg,포트메리온
11466818531,포트메리온 웨스털리 커피잔 0.24L 1인조,포트메리온 웨스털리 커피잔 0.24L 1인조 - 포트메리온 찻잔 제품입니다.,in stock,new,77800 KRW,58350 KRW,https://mkt.shopping.naver.com/link/6a9ca95a7a192905d5e97514,https://shop1.phinf.naver.net/20250725_24/17534301102180S5Tk_JPEG/87563041335125246_1955166907.jpg,포트메리온
11466809761,포트메리온 웨스털리 쿠프접시 27cm 1p,포트메리온 웨스털리 쿠프접시 27cm 1p - 포트메리온 접시 제품입니다.,in stock,new,53700 KRW,40270 KRW,https://mkt.shopping.naver.com/link/6a9ca95a7c3acb4dfa6f3375,https://shop1.phinf.naver.net/20250728_14/1753680148068I3ry7_JPEG/19865975504991375_567151109.jpg,포트메리온
11466809760,포트메리온 웨스털리 쿠프접시 22cm 1p,포트메리온 웨스털리 쿠프접시 22cm 1p - 포트메리온 접시 제품입니다.,in stock,new,48600 KRW,36450 KRW,https://mkt.shopping.naver.com/link/6a9ca95aa6c15e1319580269,https://shop1.phinf.naver.net/20250728_250/1753679594807oSqjv_JPEG/57192131794694231_1169218224.jpg,포트메리온
11466809759,포트메리온 웨스털리 접시 15cm 1p,포트메리온 웨스털리 접시 15cm 1p - 포트메리온 접시 제품입니다.,in stock,new,39100 KRW,29320 KRW,https://mkt.shopping.naver.com/link/6a9ca95a7a192905d5e97513,https://shop1.phinf.naver.net/20250728_77/1753679925076OsrFY_JPEG/8187042869592814_395898306.jpg,포트메리온
11466809758,포트메리온 웨스털리 머그 0.34L 1p,포트메리온 웨스털리 머그 0.34L 1p - 포트메리온 머그 제품입니다.,in stock,new,52700 KRW,39520 KRW,https://mkt.shopping.naver.com/link/6a9ca95a7c3acb4dfa6f3374,https://shop1.phinf.naver.net/20250725_215/17534295743519gVVW_JPEG/7178816685020540_1269385509.jpg,포트메리온
11466809757,포트메리온 웨스털리 시리얼볼 14cm 1p,포트메리온 웨스털리 시리얼볼 14cm 1p - 포트메리온 볼 제품입니다.,in stock,new,58300 KRW,43720 KRW,https://mkt.shopping.naver.com/link/6a9ca95a24d89e7244ea1d43,https://shop1.phinf.naver.net/20250213_28/1739430771637EWXwk_JPEG/1_wt-7.jpg,포트메리온
11466809756,포트메리온 웨스털리 볼 16cm 1p,포트메리온 웨스털리 볼 16cm 1p - 포트메리온 볼 제품입니다.,in stock,new,59800 KRW,44850 KRW,https://mkt.shopping.naver.com/link/6a9ca95a8a20a72cfec87d0a,https://shop1.phinf.naver.net/20250213_40/1739430771621ArKoh_JPEG/6.5_-3-600x600.jpg,포트메리온
11466809755,포트메리온 웨스털리 로우볼 14cm 1p,포트메리온 웨스털리 로우볼 14cm 1p - 포트메리온 볼 제품입니다.,in stock,new,39100 KRW,29320 KRW,https://mkt.shopping.naver.com/link/6a9ca95a8a20a72cfec87d09,https://shop1.phinf.naver.net/20250213_53/1739430771419LTRBL_JPEG/14_-6.jpg,포트메리온
11466663676,포트메리온 웨스털리 로우 파스타 22cm 1p,포트메리온 웨스털리 로우 파스타 22cm 1p - 포트메리온 볼 제품입니다.,in stock,new,68200 KRW,51150 KRW,https://mkt.shopping.naver.com/link/6a9ca95a42ac2e03d314cc4d,https://shop1.phinf.naver.net/20250213_89/1739428298699CCx8U_JPEG/8.5_1_wt.jpg,포트메리온
11466307175,포트메리온 웨스털리 대접 14cm 1p,포트메리온 웨스털리 대접 14cm 1p - 포트메리온 대접 제품입니다.,in stock,new,56400 KRW,42300 KRW,https://mkt.shopping.naver.com/link/6a9ca95a8a20a72cfec87d0b,https://shop1.phinf.naver.net/20250213_162/1739423507350N55T0_JPEG/5.5_-1.jpg,포트메리온
11465868255,포트메리온 웨스털리 공기 11cm 1p,포트메리온 웨스털리 공기 11cm 1p - 포트메리온 공기 제품입니다.,in stock,new,41700 KRW,31270 KRW,https://mkt.shopping.naver.com/link/6a9ca95a6c48fc7df4a0ebdd,https://shop1.phinf.naver.net/20250213_23/1739415020199lAjPu_JPEG/26231990062707611_1870434163.jpg,포트메리온
11462766889,포트메리온 아트리움 12P 세트,포트메리온 아트리움 12P 세트 - 포트메리온 홈세트 제품입니다.,in stock,new,500390 KRW,300230 KRW,https://mkt.shopping.naver.com/link/6a9ca95acc78491a7acb56db,https://shop1.phinf.naver.net/20260529_264/1780024282668wWg69_JPEG/56249256544992155_1317067612.jpg,포트메리온
11462739020,포트메리온 아트리움 4P 세트,포트메리온 아트리움 4P 세트 - 포트메리온 홈세트 제품입니다.,in stock,new,170400 KRW,102240 KRW,https://mkt.shopping.naver.com/link/6a9ca95a42ac2e03d314cc4e,https://shop1.phinf.naver.net/20260529_66/1780024313567IGtrK_JPEG/56485659387425519_2003373286.jpg,포트메리온
11452756122,포트메리온 아트리움 와인 글라스 0.46L 4p,포트메리온 아트리움 와인 글라스 0.46L 4p - 포트메리온 와인잔 제품입니다.,in stock,new,123200 KRW,86240 KRW,https://mkt.shopping.naver.com/link/6a9ca95a8045e373d81cb464,https://shop1.phinf.naver.net/20260529_126/1780023420837reYcB_JPEG/56248394716032731_1872213363.jpg,포트메리온
11452746300,포트메리온 아트리움 스템리스 와인글라스 0.41L 4p,포트메리온 아트리움 스템리스 와인글라스 0.41L 4p - 포트메리온 와인잔 제품입니다.,in stock,new,96800 KRW,62920 KRW,https://mkt.shopping.naver.com/link/6a9ca95a7a192905d5e97515,https://shop1.phinf.naver.net/20260529_42/1780024344666eS4f4_JPEG/46813892818097758_83189933.jpg,포트메리온
11452461825,포트메리온 아트리움 샴페인 플루트 0.24L 4p,포트메리온 아트리움 샴페인 플루트 0.24L 4p - 포트메리온 샴페인잔 제품입니다.,in stock,new,112400 KRW,73060 KRW,https://mkt.shopping.naver.com/link/6a9ca95a8045e373d81cb465,https://shop1.phinf.naver.net/20260529_227/1780024365454AJtTp_JPEG/97768814714117414_1899415870.jpg,포트메리온
11442689185,포트메리온 보타닉 가든 하모니 파스타볼 23cm 1p,포트메리온 보타닉 가든 하모니 파스타볼 23cm 1p - 포트메리온 볼 제품입니다.,in stock,new,50100 KRW,37570 KRW,https://mkt.shopping.naver.com/link/6a9ca95a8045e373d81cb467,https://shop1.phinf.naver.net/20250207_110/1738914003048SItP9_JPEG/9__bgh-1.jpg,포트메리온
11442680502,포트메리온 보타닉 가든 하모니 코스터 10.5cm 6p,포트메리온 보타닉 가든 하모니 코스터 10.5cm 6p - 포트메리온 컵받침/홀더 제품입니다.,in stock,new,37800 KRW,28350 KRW,https://mkt.shopping.naver.com/link/6a9ca95a24d89e7244ea1d44,https://shop1.phinf.naver.net/20250207_186/1738913854846M5Yac_JPEG/1_bgh-7-600x600.jpg,포트메리온
11442680501,포트메리온 보타닉 가든 하모니 캐니스터 0.6L,포트메리온 보타닉 가든 하모니 캐니스터 0.6L - 포트메리온 양념통/설탕프림기 제품입니다.,in stock,new,119900 KRW,89920 KRW,https://mkt.shopping.naver.com/link/6a9ca95ba6c15e131958026a,https://shop1.phinf.naver.net/20250207_167/1738913855021JrFro_JPEG/3_bgh.jpg,포트메리온
11442680500,포트메리온 보타닉 가든 하모니 접시 17.5cm 1p,포트메리온 보타닉 가든 하모니 접시 17.5cm 1p - 포트메리온 접시 제품입니다.,in stock,new,38800 KRW,29100 KRW,https://mkt.shopping.naver.com/link/6a9ca95a8045e373d81cb466,https://shop1.phinf.naver.net/20250207_86/1738913854847LgmUR_JPEG/bf_bgh.jpg,포트메리온
11442680498,포트메리온 보타닉 가든 하모니 중접시 21cm 1p,포트메리온 보타닉 가든 하모니 중접시 21cm 1p - 포트메리온 접시 제품입니다.,in stock,new,40400 KRW,30300 KRW,https://mkt.shopping.naver.com/link/6a9ca95acc78491a7acb56dc,https://shop1.phinf.naver.net/20250207_32/17389138554201Q3WL_JPEG/8_bgh.jpg,포트메리온
11442680497,포트메리온 보타닉 가든 하모니 대접시 26cm 1p,포트메리온 보타닉 가든 하모니 대접시 26cm 1p - 포트메리온 접시 제품입니다.,in stock,new,51600 KRW,38700 KRW,https://mkt.shopping.naver.com/link/6a9ca95b8a20a72cfec87d0c,https://shop1.phinf.naver.net/20250207_133/17389138554346wA7l_JPEG/10_bgh-600x600.jpg,포트메리온
11442680496,포트메리온 보타닉 가든 하모니 오트밀 16cm 1p,포트메리온 보타닉 가든 하모니 오트밀 16cm 1p - 포트메리온 접시 제품입니다.,in stock,new,29400 KRW,22050 KRW,https://mkt.shopping.naver.com/link/6a9ca95b2a761a0154b8b83f,https://shop1.phinf.naver.net/20250207_150/1738913855203WlJgE_JPEG/1_bgh-2.jpg,포트메리온
11442392211,포트메리온 보타닉 가든 하모니 매트(중) 30cm 6p,포트메리온 보타닉 가든 하모니 매트(중) 30cm 6p - 포트메리온 식탁매트 제품입니다.,in stock,new,91200 KRW,68400 KRW,https://mkt.shopping.naver.com/link/6a9ca95acc78491a7acb56dd,https://shop1.phinf.naver.net/20250207_194/1738910249273dQ3BU_JPEG/1_bgh-6-600x600.jpg,포트메리온
11442392210,포트메리온 보타닉 가든 하모니 매트(대) 40cm 4p,포트메리온 보타닉 가든 하모니 매트(대) 40cm 4p - 포트메리온 식탁매트 제품입니다.,in stock,new,91200 KRW,68400 KRW,https://mkt.shopping.naver.com/link/6a9ca95a24d89e7244ea1d45,https://shop1.phinf.naver.net/20250207_232/17389102492895TUfs_JPEG/1_bgh-5.jpg,포트메리온
11442392209,포트메리온 보타닉 가든 하모니 BF커피잔 0.26L 1인조,포트메리온 보타닉 가든 하모니 BF커피잔 0.26L 1인조 - 포트메리온 찻잔 제품입니다.,in stock,new,61800 KRW,46350 KRW,https://mkt.shopping.naver.com/link/6a9ca95b42ac2e03d314cc4f,https://shop1.phinf.naver.net/20250207_278/17389102492834HwM4_JPEG/bf_-1_main_bgh.jpg,포트메리온
11437895721,포트메리온 아트리움 티폿 플로럴 1.1L,포트메리온 아트리움 티폿 플로럴 1.1L - 포트메리온 티포트 제품입니다.,in stock,new,242400 KRW,157560 KRW,https://mkt.shopping.naver.com/link/6a9ca95b7a192905d5e97516,https://shop1.phinf.naver.net/20250206_133/1738823871567IBi3G_JPEG/72956807680664116_871408544.jpg,포트메리온
11437873807,포트메리온 아트리움 크림저그 플로럴 0.28L 1p,포트메리온 아트리움 크림저그 플로럴 0.28L 1p - 포트메리온 스팀피쳐/밀크저그 제품입니다.,in stock,new,88000 KRW,57200 KRW,https://mkt.shopping.naver.com/link/6a9ca95b24d89e7244ea1d46,https://shop1.phinf.naver.net/20250206_145/17388231388403J9Io_JPEG/72955926988099989_196613057.jpg,포트메리온
11437817916,포트메리온 아트리움 커피잔 플로럴 0.28L 1인조,포트메리온 아트리움 커피잔 플로럴 0.28L 1인조 - 포트메리온 찻잔 제품입니다.,in stock,new,55800 KRW,36270 KRW,https://mkt.shopping.naver.com/link/6a9ca95ba6c15e131958026b,https://shop1.phinf.naver.net/20250206_145/1738822837266hKbCA_JPEG/72955675401288711_90417436.jpg,포트메리온
11437721212,포트메리온 아트리움 커버드 슈가 플로럴 0.28L,포트메리온 아트리움 커버드 슈가 플로럴 0.28L - 포트메리온 양념통/설탕프림기 제품입니다.,in stock,new,112200 KRW,72930 KRW,https://mkt.shopping.naver.com/link/6a9ca95b6c48fc7df4a0ebde,https://shop1.phinf.naver.net/20250206_133/1738821718528iURq1_JPEG/72954571689381843_67720786.jpg,포트메리온
11437707018,포트메리온 아트리움 접시 플로럴 22cm 1p,포트메리온 아트리움 접시 플로럴 22cm 1p - 포트메리온 접시 제품입니다.,in stock,new,40500 KRW,26320 KRW,https://mkt.shopping.naver.com/link/6a9ca95b7c3acb4dfa6f3376,https://shop1.phinf.naver.net/20250206_143/1738821499787hIDPA_JPEG/56522689677142837_470416798.jpg,포트메리온
11437697295,포트메리온 아트리움 접시 플로럴 16cm 1p,포트메리온 아트리움 접시 플로럴 16cm 1p - 포트메리온 접시 제품입니다.,in stock,new,36300 KRW,23590 KRW,https://mkt.shopping.naver.com/link/6a9ca95b7a192905d5e97517,https://shop1.phinf.naver.net/20250206_267/17388212170257IS3a_JPEG/7172470818729761_224058838.jpg,포트메리온
11437671406,포트메리온 아트리움 접시 지오메트릭 28cm 1p,포트메리온 아트리움 접시 지오메트릭 28cm 1p - 포트메리온 접시 제품입니다.,in stock,new,49900 KRW,32430 KRW,https://mkt.shopping.naver.com/link/6a9ca95b7a192905d5e97519,https://shop1.phinf.naver.net/20250206_181/1738820772586Kjr3H_JPEG/1284231717254073_1506096773.jpg,포트메리온
11437508180,포트메리온 아트리움 엠보스드 플래터 31cm 1p,포트메리온 아트리움 엠보스드 플래터 31cm 1p - 포트메리온 접시 제품입니다.,in stock,new,64300 KRW,41790 KRW,https://mkt.shopping.naver.com/link/6a9ca95b7a192905d5e97518,https://shop1.phinf.naver.net/20260529_236/1780024399933RSrkN_JPEG/57547076802980989_350335013.jpg,포트메리온
11437467408,포트메리온 아트리움 엠보스드 저그 1.4L 1p,포트메리온 아트리움 엠보스드 저그 1.4L 1p - 포트메리온 스팀피쳐/밀크저그 제품입니다.,in stock,new,64300 KRW,41790 KRW,https://mkt.shopping.naver.com/link/6a9ca95b8045e373d81cb468,https://shop1.phinf.naver.net/20260529_258/1780024420013Y7Ebo_JPEG/114157225153380178_534778177.jpg,포트메리온
11437406905,포트메리온 아트리움 시리얼볼 플로럴 20cm 1p,포트메리온 아트리움 시리얼볼 플로럴 20cm 1p - 포트메리온 볼 제품입니다.,in stock,new,42500 KRW,27620 KRW,https://mkt.shopping.naver.com/link/6a9ca95b24d89e7244ea1d47,https://shop1.phinf.naver.net/20250206_122/1738812301082wMhJE_JPEG/21172294074666112_1116237176.jpg,포트메리온
11437032966,포트메리온 아트리움 시리얼볼 지오메트릭 18cm 1p,포트메리온 아트리움 시리얼볼 지오메트릭 18cm 1p - 포트메리온 볼 제품입니다.,in stock,new,41200 KRW,26780 KRW,https://mkt.shopping.naver.com/link/6a9ca95bcc78491a7acb56de,https://shop1.phinf.naver.net/20250206_131/1738812119933zBNwo_JPEG/72944988676765178_1625700480.jpg,포트메리온
11437025888,포트메리온 아트리움 시리얼볼 플로럴 15cm 1p,포트메리온 아트리움 시리얼볼 플로럴 15cm 1p - 포트메리온 볼 제품입니다.,in stock,new,37600 KRW,24440 KRW,https://mkt.shopping.naver.com/link/6a9ca95b8a20a72cfec87d0e,https://shop1.phinf.naver.net/20250206_96/1738811939109cusXK_JPEG/21623354920554358_189703612.jpg,포트메리온
11436984779,포트메리온 아트리움 볼 16.5cm 플로럴 1p,포트메리온 아트리움 볼 16.5cm 플로럴 1p - 포트메리온 볼 제품입니다.,in stock,new,53000 KRW,34450 KRW,https://mkt.shopping.naver.com/link/6a9ca95b2a761a0154b8b840,https://shop1.phinf.naver.net/20250206_4/17388111230356fU9z_JPEG/27090331060138474_408072089.jpg,포트메리온
11436893076,포트메리온 아트리움 머그 지오메트릭 0.34L 1p,포트메리온 아트리움 머그 지오메트릭 0.34L 1p - 포트메리온 머그 제품입니다.,in stock,new,55000 KRW,35750 KRW,https://mkt.shopping.naver.com/link/6a9ca95b24d89e7244ea1d48,https://shop1.phinf.naver.net/20250206_65/1738809360283Pu99l_JPEG/10427498098150392_1921047606.jpg,포트메리온
11436883498,포트메리온 아트리움 머그 플로럴 0.34L 1p,포트메리온 아트리움 머그 플로럴 0.34L 1p - 포트메리온 머그 제품입니다.,in stock,new,55000 KRW,35750 KRW,https://mkt.shopping.naver.com/link/6a9ca95b7a192905d5e9751b,https://shop1.phinf.naver.net/20250206_42/17388090777032Bhx5_JPEG/72941930863991974_1561442824.jpg,포트메리온
11433718262,포트메리온 아트리움 로우볼 플로럴 14cm 1p,포트메리온 아트리움 로우볼 플로럴 14cm 1p - 포트메리온 볼 제품입니다.,in stock,new,43800 KRW,28470 KRW,https://mkt.shopping.naver.com/link/6a9ca95b8a20a72cfec87d0d,https://shop1.phinf.naver.net/20250205_8/1738743811034C8XD2_JPEG/72876662184449793_1033793288.jpg,포트메리온
11433699487,포트메리온 아트리움 대접 플로럴 14cm 1p,포트메리온 아트리움 대접 플로럴 14cm 1p - 포트메리온 대접 제품입니다.,in stock,new,51700 KRW,33600 KRW,https://mkt.shopping.naver.com/link/6a9ca95b8045e373d81cb469,https://shop1.phinf.naver.net/20250205_86/17387434153325KHD2_JPEG/25152426143819488_522066442.jpg,포트메리온
11433655323,포트메리온 아트리움 공기 플로럴 11cm 1p,포트메리온 아트리움 공기 플로럴 11cm 1p - 포트메리온 공기 제품입니다.,in stock,new,41600 KRW,27040 KRW,https://mkt.shopping.naver.com/link/6a9ca95b7a192905d5e9751a,https://shop1.phinf.naver.net/20250205_192/1738741017278AUIOK_JPEG/67062291417835892_754353011.jpg,포트메리온
11149692802,포트메리온 블루 이탈리안 티폿 스탠드,포트메리온 블루 이탈리안 티폿 스탠드 - 포트메리온 냄비받침 제품입니다.,in stock,new,40500 KRW,28350 KRW,https://mkt.shopping.naver.com/link/6a9ca95b7c3acb4dfa6f3377,https://shop1.phinf.naver.net/20241119_272/1731992000453we0RY_JPEG/66124870350005707_1019156131.jpg,포트메리온
11149210140,포트메리온 블루 이탈리안 타원 접시 41cm 1p,포트메리온 블루 이탈리안 타원 접시 41cm 1p - 포트메리온 접시 제품입니다.,in stock,new,88200 KRW,61740 KRW,https://mkt.shopping.naver.com/link/6a9ca95b6c48fc7df4a0ebdf,https://shop1.phinf.naver.net/20241119_140/1731984004856P36ls_JPEG/216458962988113_990980370.jpg,포트메리온
11146490345,포트메리온 블루 이탈리안 캐니스터 대중소 3종 세트,포트메리온 블루 이탈리안 캐니스터 대중소 3종 세트 - 포트메리온 양념통/설탕프림기 제품입니다.,in stock,new,270000 KRW,189000 KRW,https://mkt.shopping.naver.com/link/6a9ca95b8045e373d81cb46a,https://shop-phinf.pstatic.net/20241118_154/1731918542429o4GsU_JPEG/66051391542054230_836070661.jpg,포트메리온
11146444661,포트메리온 블루 이탈리안 치즈 도마 25cm 1p,포트메리온 블루 이탈리안 치즈 도마 25cm 1p - 포트메리온 도마 제품입니다.,in stock,new,66600 KRW,46620 KRW,https://mkt.shopping.naver.com/link/6a9ca95b24d89e7244ea1d49,https://shop1.phinf.naver.net/20241118_38/1731917755507KlBkW_JPEG/342350605598248_179018867.jpg,포트메리온
11146400626,포트메리온 블루 이탈리안 직사각 디쉬 38cm 1p,포트메리온 블루 이탈리안 직사각 디쉬 38cm 1p - 포트메리온 전자레인지/오븐 용기 제품입니다.,in stock,new,104400 KRW,73080 KRW,https://mkt.shopping.naver.com/link/6a9ca95bcc78491a7acb56df,https://shop1.phinf.naver.net/20241118_79/1731916458614Pc6q7_JPEG/343920753492261_2125599487.jpg,포트메리온
11146357144,포트메리온 블루 이탈리안 오발 림 디쉬 32cm 1p,포트메리온 블루 이탈리안 오발 림 디쉬 32cm 1p - 포트메리온 전자레인지/오븐 용기 제품입니다.,in stock,new,82800 KRW,57960 KRW,https://mkt.shopping.naver.com/link/6a9ca95b7c3acb4dfa6f3378,https://shop1.phinf.naver.net/20241118_28/1731916025121MxiNb_JPEG/81567249356336493_231408340.jpg,포트메리온
11146297379,포트메리온 블루 이탈리안 에그 컵 5cm 1p,포트메리온 블루 이탈리안 에그 컵 5cm 1p - 포트메리온 머그 제품입니다.,out of stock,new,10800 KRW,7560 KRW,https://mkt.shopping.naver.com/link/6a9ca95b7c3acb4dfa6f3379,https://shop1.phinf.naver.net/20241118_105/17319147179989DP5y_JPEG/339313114600945_957075106.jpg,포트메리온
11146214482,포트메리온 블루 이탈리안 스퀘어 림 디쉬 25cm 1p,포트메리온 블루 이탈리안 스퀘어 림 디쉬 25cm 1p - 포트메리온 전자레인지/오븐 용기 제품입니다.,in stock,new,59900 KRW,41930 KRW,https://mkt.shopping.naver.com/link/6a9ca95b24d89e7244ea1d4a,https://shop1.phinf.naver.net/20241118_155/1731913004485ud89E_JPEG/19116664323977225_1507839840.jpg,포트메리온
11146169727,포트메리온 블루 이탈리안 슈거 박스 0.25L,포트메리온 블루 이탈리안 슈거 박스 0.25L - 포트메리온 양념통/설탕프림기 제품입니다.,in stock,new,86400 KRW,60480 KRW,https://mkt.shopping.naver.com/link/6a9ca95b7a192905d5e9751c,https://shop1.phinf.naver.net/20241118_16/1731911902221w299I_JPEG/7529910768831549_1633507327.jpg,포트메리온
11145877058,포트메리온 블루 이탈리안 손잡이 접시 21cm 1p,포트메리온 블루 이탈리안 손잡이 접시 21cm 1p - 포트메리온 접시 제품입니다.,in stock,new,47700 KRW,33390 KRW,https://mkt.shopping.naver.com/link/6a9ca95b2a761a0154b8b841,https://shop1.phinf.naver.net/20241118_229/1731907564531Dus8x_JPEG/66040488914857063_1239775336.jpg,포트메리온
11145835479,포트메리온 블루 이탈리안 삼각접시 14cm 1p,포트메리온 블루 이탈리안 삼각접시 14cm 1p - 포트메리온 접시 제품입니다.,in stock,new,28800 KRW,20160 KRW,https://mkt.shopping.naver.com/link/6a9ca95bcc78491a7acb56e0,https://shop1.phinf.naver.net/20241118_77/1731906742772yemC5_JPEG/19110402609993245_1856081642.jpg,포트메리온
11145285798,포트메리온 블루 이탈리안 면 앞치마 1p,포트메리온 블루 이탈리안 면 앞치마 1p - 포트메리온 앞치마 제품입니다.,out of stock,new,39900 KRW,27930 KRW,https://mkt.shopping.naver.com/link/6a9ca95b6c48fc7df4a0ebe0,https://shop1.phinf.naver.net/20260126_43/1769403705939xFTqb_JPEG/47054601686926845_1781688810.jpg,포트메리온
11145239649,포트메리온 블루 이탈리안 면 매트 43cm 4p,포트메리온 블루 이탈리안 면 매트 43cm 4p - 포트메리온 식탁매트 제품입니다.,out of stock,new,88000 KRW,61600 KRW,https://mkt.shopping.naver.com/link/6a9ca95b7c3acb4dfa6f337a,https://shop1.phinf.naver.net/20241118_73/1731898405128uhFQi_JPEG/17459920967869425_602074539.jpg,포트메리온
11135799570,포트메리온 블루 이탈리안 면 냅킨 46cm 4p,포트메리온 블루 이탈리안 면 냅킨 46cm 4p - 포트메리온 기타주방데코 제품입니다.,out of stock,new,46000 KRW,32200 KRW,https://mkt.shopping.naver.com/link/6a9ca95ba6c15e131958026c,https://shop1.phinf.naver.net/20241115_251/1731658244178Hnt48_JPEG/14737164271220212_1877384386.jpg,포트메리온
11135635851,포트메리온 블루 이탈리안 머그 0.28L 1p,포트메리온 블루 이탈리안 머그 0.28L 1p - 포트메리온 머그 제품입니다.,in stock,new,38700 KRW,27090 KRW,https://mkt.shopping.naver.com/link/6a9ca95b42ac2e03d314cc50,https://shop1.phinf.naver.net/20241115_248/1731655996789mCv53_JPEG/83458920171903_1053176623.jpg,포트메리온
11135445450,포트메리온 블루 이탈리안 라운드 커버 딥 디쉬 2L,포트메리온 블루 이탈리안 라운드 커버 딥 디쉬 2L - 포트메리온 전자레인지/오븐 용기 제품입니다.,in stock,new,99000 KRW,69300 KRW,https://mkt.shopping.naver.com/link/6a9ca95b24d89e7244ea1d4b,https://shop1.phinf.naver.net/20241115_286/17316534756442efPy_JPEG/79590201469294859_2126454069.jpg,포트메리온
11135331999,포트메리온 블루 이탈리안 딥디쉬 13cm 3p,포트메리온 블루 이탈리안 딥디쉬 13cm 3p - 포트메리온 볼 제품입니다.,in stock,new,56700 KRW,39690 KRW,https://mkt.shopping.naver.com/link/6a9ca95bcc78491a7acb56e1,https://shop1.phinf.naver.net/20241115_278/1731651512990i7Ra1_JPEG/3043787804234408_1961866731.jpg,포트메리온
11135134285,포트메리온 블루 이탈리안 도마 & 써브,포트메리온 블루 이탈리안 도마 & 써브 - 포트메리온 도마 제품입니다.,in stock,new,89100 KRW,62370 KRW,https://mkt.shopping.naver.com/link/6a9ca95b8a20a72cfec87d0f,https://shop1.phinf.naver.net/20241115_38/1731640240349nbkoP_JPEG/67702487971709_651639444.jpg,포트메리온
10924147606,포트메리온 소피 콘란 하트 볼(소) 15cm 1p,포트메리온 소피 콘란 하트 볼(소) 15cm 1p - 포트메리온 볼 제품입니다.,in stock,new,39500 KRW,23700 KRW,https://mkt.shopping.naver.com/link/6a9ca95b2a761a0154b8b842,https://shop1.phinf.naver.net/20260612_151/17812482490384s7J2_JPEG/115381081201061381_1728803348.jpg,포트메리온
10924117533,포트메리온 소피 콘란 하트 볼(중) 19.5cm 1p,포트메리온 소피 콘란 하트 볼(중) 19.5cm 1p - 포트메리온 볼 제품입니다.,in stock,new,52900 KRW,31740 KRW,https://mkt.shopping.naver.com/link/6a9ca95b8045e373d81cb46b,https://shop1.phinf.naver.net/20260612_273/1781248279428tgxWW_JPEG/115381228118167647_1873784430.jpg,포트메리온
10924039094,포트메리온 소피 콘란 하트 플레이트(소) 19cm 1p,포트메리온 소피 콘란 하트 플레이트(소) 19cm 1p - 포트메리온 접시 제품입니다.,in stock,new,39500 KRW,23700 KRW,https://mkt.shopping.naver.com/link/6a9ca95b8045e373d81cb46c,https://shop1.phinf.naver.net/20260612_212/1781248647168bjoJE_JPEG/5005085967724260_1432864163.jpg,포트메리온
10924003784,포트메리온 소피 콘란 하트 플레이트(중) 24cm 1p,포트메리온 소피 콘란 하트 플레이트(중) 24cm 1p - 포트메리온 접시 제품입니다.,in stock,new,53500 KRW,32100 KRW,https://mkt.shopping.naver.com/link/6a9ca95b2a761a0154b8b843,https://shop1.phinf.naver.net/20260612_218/1781248675425Dwu7Q_JPEG/9002185927000316_1087277109.jpg,포트메리온
10923949794,포트메리온 소피 콘란 미니 디쉬 8cm 4p,포트메리온 소피 콘란 미니 디쉬 8cm 4p - 포트메리온 소스기 제품입니다.,in stock,new,53600 KRW,32160 KRW,https://mkt.shopping.naver.com/link/6a9ca95b2a761a0154b8b844,https://shop1.phinf.naver.net/20240926_136/1727334692120MaN0r_JPEG/73360534733603922_2061046666.jpg,포트메리온
10923862501,포트메리온 소피 콘란 허니 포트 머그 썬샤인 0.31L 1p,포트메리온 소피 콘란 허니 포트 머그 썬샤인 0.31L 1p - 포트메리온 머그 제품입니다.,in stock,new,38100 KRW,22860 KRW,https://mkt.shopping.naver.com/link/6a9ca95ba6c15e131958026e,https://shop1.phinf.naver.net/20240926_147/1727333638245jzFes_JPEG/11444684149575012_12096576.jpg,포트메리온
10923794342,포트메리온 소피 콘란 컬러팝 티컵 앤 소서 0.2L 1인조,포트메리온 소피 콘란 컬러팝 티컵 앤 소서 0.2L 1인조 - 포트메리온 찻잔 제품입니다.,in stock,new,53900 KRW,32340 KRW,https://mkt.shopping.naver.com/link/6a9ca95ba6c15e131958026d,https://shop1.phinf.naver.net/20240926_60/1727332216185BVfWx_JPEG/61465065314236725_1491300141.jpg,포트메리온
10896773861,[핫딜]포트메리온 보타닉 가든 롱티스푼 18cm 6p,[핫딜]포트메리온 보타닉 가든 롱티스푼 18cm 6p - 포트메리온 티스푼/티포크세트 제품입니다.,in stock,new,162000 KRW,51000 KRW,https://mkt.shopping.naver.com/link/6a9ca95bcc78491a7acb56e2,https://shop1.phinf.naver.net/20240920_93/1726798709762PvtN9_JPEG/7894115642101647_707882003.jpg,포트메리온
10893170625,포트메리온 보타닉 블루 티백/스푼받침 14cm 1p,포트메리온 보타닉 블루 티백/스푼받침 14cm 1p - 포트메리온 수저받침 제품입니다.,out of stock,new,9400 KRW,6580 KRW,https://mkt.shopping.naver.com/link/6a9ca95b8a20a72cfec87d10,https://shop1.phinf.naver.net/20240919_253/1726724841115zyksQ_JPEG/6673605766653590_1766559826.jpg,포트메리온
10893105725,포트메리온 보타닉 블루 크림저그 0.22L 1p,포트메리온 보타닉 블루 크림저그 0.22L 1p - 포트메리온 스팀피쳐/밀크저그 제품입니다.,in stock,new,24100 KRW,16870 KRW,https://mkt.shopping.naver.com/link/6a9ca95ba6c15e131958026f,https://shop1.phinf.naver.net/20240919_100/17267233875230cvdC_JPEG/60856240666182036_1378740490.jpg,포트메리온
10893048457,포트메리온 보타닉 블루 커피잔 0.17L 1인조,포트메리온 보타닉 블루 커피잔 0.17L 1인조 - 포트메리온 찻잔 제품입니다.,in stock,new,35900 KRW,25130 KRW,https://mkt.shopping.naver.com/link/6a9ca95b8045e373d81cb46d,https://shop1.phinf.naver.net/20240919_114/1726722940996wCCb5_JPEG/17076359037687821_1189290696.jpg,포트메리온
10892597715,포트메리온 보타닉 블루 로우볼 16.5cm 1P,포트메리온 보타닉 블루 로우볼 16.5cm 1P - 포트메리온 볼 제품입니다.,in stock,new,30900 KRW,21630 KRW,https://mkt.shopping.naver.com/link/6a9ca95b7c3acb4dfa6f337b,https://shop1.phinf.naver.net/20240919_275/1726715875802JKl8d_JPEG/60848726955991017_833599973.jpg,포트메리온
10892584479,포트메리온 보타닉 블루 로우볼 15cm 1P,포트메리온 보타닉 블루 로우볼 15cm 1P - 포트메리온 볼 제품입니다.,in stock,new,26000 KRW,18200 KRW,https://mkt.shopping.naver.com/link/6a9ca95b24d89e7244ea1d4c,https://shop1.phinf.naver.net/20240919_34/17267156520713pMI0_JPEG/60848497374413715_31994587.jpg,포트메리온
10892569775,포트메리온 보타닉 블루 로우볼 13.5cm 1P,포트메리온 보타닉 블루 로우볼 13.5cm 1P - 포트메리온 볼 제품입니다.,in stock,new,20200 KRW,14140 KRW,https://mkt.shopping.naver.com/link/6a9ca95b6c48fc7df4a0ebe1,https://shop1.phinf.naver.net/20240919_178/17267153410244ts1K_JPEG/60848186326871031_793859882.jpg,포트메리온
10892543282,포트메리온 보타닉 블루 라운드디쉬 32cm 1P,포트메리온 보타닉 블루 라운드디쉬 32cm 1P - 포트메리온 접시 제품입니다.,in stock,new,70400 KRW,49280 KRW,https://mkt.shopping.naver.com/link/6a9ca95b7a192905d5e9751d,https://shop1.phinf.naver.net/20240919_223/1726714795574pwjNr_JPEG/9722397194595157_1733829702.jpg,포트메리온
10892514782,포트메리온 보타닉 블루 뚜껑설탕 10cm,포트메리온 보타닉 블루 뚜껑설탕 10cm - 포트메리온 양념통/설탕프림기 제품입니다.,in stock,new,25100 KRW,17570 KRW,https://mkt.shopping.naver.com/link/6a9ca95b42ac2e03d314cc51,https://shop1.phinf.naver.net/20240919_145/1726714111136OVcgT_JPEG/60846935334068978_2112116202.jpg,포트메리온
10892464468,포트메리온 보타닉 블루 딥볼 16㎝ 1p,포트메리온 보타닉 블루 딥볼 16㎝ 1p - 포트메리온 면기 제품입니다.,in stock,new,33000 KRW,23100 KRW,https://mkt.shopping.naver.com/link/6a9ca95bcc78491a7acb56e3,https://shop1.phinf.naver.net/20240919_258/1726713669380rzk3X_JPEG/60846520529040922_1166627970.jpg,포트메리온
10892327880,포트메리온 보타닉 블루 딥볼 11㎝ 1p,포트메리온 보타닉 블루 딥볼 11㎝ 1p - 포트메리온 공기 제품입니다.,out of stock,new,16200 KRW,11340 KRW,https://mkt.shopping.naver.com/link/6a9ca95b7c3acb4dfa6f337c,https://shop1.phinf.naver.net/20240919_180/1726711393750pGVNy_JPEG/12607224780657662_1199408693.jpg,포트메리온
10892276844,포트메리온 뉴베리에이션 트래블머그 0.28L,포트메리온 뉴베리에이션 트래블머그 0.28L - 포트메리온 머그 제품입니다.,in stock,new,88000 KRW,66000 KRW,https://mkt.shopping.naver.com/link/6a9ca95bcc78491a7acb56e4,https://shop1.phinf.naver.net/20240919_79/1726710235560J0WVr_JPEG/9717837186622383_1269089030.jpg,포트메리온
10892182156,포트메리온 보타닉 가든 테라스 코스터 NEW 10.5cm 6p,포트메리온 보타닉 가든 테라스 코스터 NEW 10.5cm 6p - 포트메리온 컵받침/홀더 제품입니다.,out of stock,new,25200 KRW,18900 KRW,https://mkt.shopping.naver.com/link/6a9ca95b24d89e7244ea1d4d,https://shop1.phinf.naver.net/20240919_236/1726709023166daPgT_JPEG/60841970297532332_838734969.jpg,포트메리온
10892150121,포트메리온 보타닉 가든 테라스 식탁매트(중) NEW 33cm 6P,포트메리온 보타닉 가든 테라스 식탁매트(중) NEW 33cm 6P - 포트메리온 식탁매트 제품입니다.,in stock,new,92900 KRW,69670 KRW,https://mkt.shopping.naver.com/link/6a9ca95b8a20a72cfec87d11,https://shop1.phinf.naver.net/20240919_35/1726708414539WGqPp_JPEG/1270348673303304_110755207.jpg,포트메리온
10861852570,포트메리온 보타닉 가든 테라스 식탁매트(대) NEW 40cm 4P,포트메리온 보타닉 가든 테라스 식탁매트(대) NEW 40cm 4P - 포트메리온 식탁매트 제품입니다.,in stock,new,92900 KRW,69670 KRW,https://mkt.shopping.naver.com/link/6a9ca95b24d89e7244ea1d4e,https://shop1.phinf.naver.net/20240910_212/1725957217027mric4_JPEG/6329574974608519_1151426230.jpg,포트메리온
10861786733,포트메리온 보타닉 가든 테라스 스카터 쟁반 대중소 3p 세트,포트메리온 보타닉 가든 테라스 스카터 쟁반 대중소 3p 세트 - 포트메리온 쟁반 제품입니다.,out of stock,new,46900 KRW,35170 KRW,https://mkt.shopping.naver.com/link/6a9ca95b6c48fc7df4a0ebe2,https://shop1.phinf.naver.net/20240910_36/1725955849073HSTid_JPEG/6088271919939906_1544162806.jpg,포트메리온
10861532713,포트메리온 보타닉 가든 그립핸들 스푼받침 16CM 1P,포트메리온 보타닉 가든 그립핸들 스푼받침 16CM 1P - 포트메리온 수저받침 제품입니다.,in stock,new,29000 KRW,24650 KRW,https://mkt.shopping.naver.com/link/6a9ca95b7c3acb4dfa6f337f,https://shop1.phinf.naver.net/20240910_61/1725950683932va0Ib_JPEG/60083508132268184_840471603.jpg,포트메리온
10861334005,포트메리온 보타닉 가든 양식기 1인조,포트메리온 보타닉 가든 양식기 1인조 - 포트메리온 양식기 제품입니다.,out of stock,new,119700 KRW,89770 KRW,https://mkt.shopping.naver.com/link/6a9ca95b7c3acb4dfa6f337d,https://shop1.phinf.naver.net/20240910_111/1725948640777OGALT_JPEG/60081491923882705_710518852.jpg,포트메리온
10861202985,"포트메리온 보타닉 가든 키친툴(뒤집개,볶음스푼) 2P 세트","포트메리온 보타닉 가든 키친툴(뒤집개,볶음스푼) 2P 세트 - 포트메리온 조리도구세트 제품입니다.",in stock,new,86900 KRW,65170 KRW,https://mkt.shopping.naver.com/link/6a9ca95b7a192905d5e9751e,https://shop1.phinf.naver.net/20240910_27/1725946542346oIMwP_JPEG/11842373379425611_1839259346.jpg,포트메리온
10860556166,포트메리온 보타닉 가든 미니라운드볼 HM 7.8CM 4P,포트메리온 보타닉 가든 미니라운드볼 HM 7.8CM 4P - 포트메리온 소스기 제품입니다.,in stock,new,60000 KRW,45000 KRW,https://mkt.shopping.naver.com/link/6a9ca95b7c3acb4dfa6f3380,https://shop1.phinf.naver.net/20240910_155/1725936694912rGXLL_JPEG/60069566028760039_247412369.jpg,포트메리온
10860372721,포트메리온 보타닉 가든 스퀘어 미니볼 HM 10CM 4P,포트메리온 보타닉 가든 스퀘어 미니볼 HM 10CM 4P - 포트메리온 볼 제품입니다.,in stock,new,96000 KRW,72000 KRW,https://mkt.shopping.naver.com/link/6a9ca95b8a20a72cfec87d12,https://shop1.phinf.naver.net/20240910_275/1725935309866PXi9r_JPEG/73523787214061274_1586178949.jpg,포트메리온
10860160192,"포트메리온 보타닉 가든 수저통&받침(대,소) 세트","포트메리온 보타닉 가든 수저통&받침(대,소) 세트 - 포트메리온 수저통 제품입니다.",in stock,new,88600 KRW,50500 KRW,https://mkt.shopping.naver.com/link/6a9ca95ba6c15e1319580271,https://shop1.phinf.naver.net/20260612_72/1781249961206uD28b_JPEG/3190073019472736_843256898.jpg,포트메리온
10860011183,포트메리온 보타닉 가든 컨템포러리 머그 0.36L 2P,포트메리온 보타닉 가든 컨템포러리 머그 0.36L 2P - 포트메리온 머그 제품입니다.,out of stock,new,48000 KRW,33600 KRW,https://mkt.shopping.naver.com/link/6a9ca95ba6c15e1319580270,https://shop1.phinf.naver.net/20240910_126/1725930455356yyPXN_JPEG/492389493754968_24700057.jpg,포트메리온
10856767462,포트메리온 보타닉 가든 매트(중) HM형 33cm 4p(C),포트메리온 보타닉 가든 매트(중) HM형 33cm 4p(C) - 포트메리온 식탁매트 제품입니다.,in stock,new,57000 KRW,42750 KRW,https://mkt.shopping.naver.com/link/6a9ca95b7c3acb4dfa6f337e,https://shop1.phinf.naver.net/20240909_162/1725870134429JsmVF_JPEG/16223552470405869_945707477.jpg,포트메리온
10856680292,포트메리온 보타닉 가든 스카터 쟁반 대중소 3p 세트,포트메리온 보타닉 가든 스카터 쟁반 대중소 3p 세트 - 포트메리온 쟁반 제품입니다.,in stock,new,49000 KRW,30200 KRW,https://mkt.shopping.naver.com/link/6a9ca95b6c48fc7df4a0ebe3,https://shop1.phinf.naver.net/20260612_16/1781247306355alNXn_JPEG/28526949999766029_1217502735.jpg,포트메리온
10856532896,포트메리온 보타닉 가든 RF 디저트포크 4P 세트,포트메리온 보타닉 가든 RF 디저트포크 4P 세트 - 포트메리온 티스푼/티포크세트 제품입니다.,in stock,new,80000 KRW,48000 KRW,https://mkt.shopping.naver.com/link/6a9ca95b8045e373d81cb46e,https://shop1.phinf.naver.net/20240909_295/1725866200463xfQoz_JPEG/73454677832114549_1312909868.jpg,포트메리온
10856485992,포트메리온 보타닉 가든 RF 티스푼 4P 세트,포트메리온 보타닉 가든 RF 티스푼 4P 세트 - 포트메리온 티스푼/티포크세트 제품입니다.,in stock,new,80000 KRW,48000 KRW,https://mkt.shopping.naver.com/link/6a9ca95c24d89e7244ea1d4f,https://shop1.phinf.naver.net/20240909_90/1725865559286ET5oD_JPEG/5018011469412315_1073392987.jpg,포트메리온
10856443383,(핫딜)포트메리온 보타닉 가든 RF 모던 한수저 2인 세트,(핫딜)포트메리온 보타닉 가든 RF 모던 한수저 2인 세트 - 포트메리온 수저 제품입니다.,in stock,new,172000 KRW,103200 KRW,https://mkt.shopping.naver.com/link/6a9ca95c7c3acb4dfa6f3381,https://shop1.phinf.naver.net/20260615_13/1781508382162lyuuS_JPEG/30837191278109361_1868881959.jpg,포트메리온
10856356022,포트메리온 보타닉 가든 머그 앤 트레이 세트 6종 택1,포트메리온 보타닉 가든 머그 앤 트레이 세트 6종 택1 - 포트메리온 머그 제품입니다.,in stock,new,44000 KRW,33000 KRW,https://mkt.shopping.naver.com/link/6a9ca95c42ac2e03d314cc52,https://shop1.phinf.naver.net/20240909_248/1725863420156mEa4q_JPEG/9692411037616624_139913649.jpg,포트메리온
10855972775,[핫딜] 포트메리온 보타닉 가든 면 앞치마 B 1p,[핫딜] 포트메리온 보타닉 가든 면 앞치마 B 1p - 포트메리온 앞치마 제품입니다.,in stock,new,49700 KRW,20950 KRW,https://mkt.shopping.naver.com/link/6a9ca95c7a192905d5e97520,https://shop1.phinf.naver.net/20260126_170/17694038325625VpPu_JPEG/45806286694960812_730457964.jpg,포트메리온
10855548621,[핫딜] 포트메리온 보타닉 가든 면 앞치마 (아크릴 코팅) 1p,[핫딜] 포트메리온 보타닉 가든 면 앞치마 (아크릴 코팅) 1p - 포트메리온 앞치마 제품입니다.,in stock,new,45100 KRW,20950 KRW,https://mkt.shopping.naver.com/link/6a9ca95c8045e373d81cb46f,https://shop1.phinf.naver.net/20260126_170/17694038325625VpPu_JPEG/45806286694960812_730457964.jpg,포트메리온
10844646004,포트메리온 보타닉 가든 NBG 디저트포크 15cm 6p,포트메리온 보타닉 가든 NBG 디저트포크 15cm 6p - 포트메리온 티스푼/티포크세트 제품입니다.,in stock,new,142200 KRW,106650 KRW,https://mkt.shopping.naver.com/link/6a9ca95c8045e373d81cb470,https://shop1.phinf.naver.net/20240906_275/1725611489151oBSkd_JPEG/59744313343336228_1078303536.jpg,포트메리온
10844591298,포트메리온 보타닉 가든 NBG 티스푼 15cm 6p,포트메리온 보타닉 가든 NBG 티스푼 15cm 6p - 포트메리온 티스푼/티포크세트 제품입니다.,in stock,new,142200 KRW,106650 KRW,https://mkt.shopping.naver.com/link/6a9ca95ccc78491a7acb56e5,https://shop1.phinf.naver.net/20240906_216/1725610830738C1e1D_JPEG/5559595389122119_1390138991.jpg,포트메리온
10844464124,포트메리온 보타닉 가든 대접시(R) 26cm 1p,포트메리온 보타닉 가든 대접시(R) 26cm 1p - 포트메리온 접시 제품입니다.,in stock,new,50300 KRW,37720 KRW,https://mkt.shopping.naver.com/link/6a9ca95ca6c15e1319580272,https://shop1.phinf.naver.net/20240906_115/1725609051604Ll94k_JPEG/11504882624776337_1738714812.jpg,포트메리온
10844407665,포트메리온 보타닉 가든 뉴 티세트 3종 세트,포트메리온 보타닉 가든 뉴 티세트 3종 세트 - 포트메리온 티세트 제품입니다.,in stock,new,129600 KRW,97200 KRW,https://mkt.shopping.naver.com/link/6a9ca95c24d89e7244ea1d50,https://shop1.phinf.naver.net/20260609_53/1780965072178NLJlM_JPEG/127598855400214479_1829420684.jpg,포트메리온
10844351496,(핫딜)포트메리온 보타닉 가든 벨머그(양쪽꽃) 0.28L 2p,(핫딜)포트메리온 보타닉 가든 벨머그(양쪽꽃) 0.28L 2p - 포트메리온 머그 제품입니다.,in stock,new,83400 KRW,50040 KRW,https://mkt.shopping.naver.com/link/6a9ca95c7a192905d5e9751f,https://shop1.phinf.naver.net/20260618_164/1781748008748nTGti_JPEG/54568062895585477_741613713.jpg,포트메리온
10844143028,포트메리온 보타닉 가든 스퀘어볼 HM 16cm 2p,포트메리온 보타닉 가든 스퀘어볼 HM 16cm 2p - 포트메리온 볼 제품입니다.,in stock,new,64600 KRW,48450 KRW,https://mkt.shopping.naver.com/link/6a9ca95c6c48fc7df4a0ebe4,https://shop1.phinf.naver.net/20240906_166/1725603503444O0ehp_JPEG/8611105076585759_829253007.jpg,포트메리온
10843923627,포트메리온 보타닉 가든 샷 글라스 (FOOTED) 70ml 6p,포트메리온 보타닉 가든 샷 글라스 (FOOTED) 70ml 6p - 포트메리온 유리컵 제품입니다.,in stock,new,64200 KRW,48150 KRW,https://mkt.shopping.naver.com/link/6a9ca95c8045e373d81cb471,https://shop1.phinf.naver.net/20260612_16/1781246173626q3w5b_JPEG/21172565667569371_113080690.jpg,포트메리온
10843752855,포트메리온 보타닉 가든 샷 글라스 (NON FOOTED) 70ml 6p,포트메리온 보타닉 가든 샷 글라스 (NON FOOTED) 70ml 6p - 포트메리온 유리컵 제품입니다.,in stock,new,64200 KRW,48150 KRW,https://mkt.shopping.naver.com/link/6a9ca95c8a20a72cfec87d13,https://shop1.phinf.naver.net/20260612_119/1781246236642uBvNe_JPEG/115379148736968300_584709040.jpg,포트메리온
10839736399,포트메리온 보타닉 가든 플루티드 서빙세트 5p,포트메리온 보타닉 가든 플루티드 서빙세트 5p - 포트메리온 볼 제품입니다.,in stock,new,128800 KRW,59000 KRW,https://mkt.shopping.naver.com/link/6a9ca95c42ac2e03d314cc53,https://shop1.phinf.naver.net/20260609_161/1780965498411ska6L_JPEG/94062407435163572_1217941308.jpg,포트메리온
10839532247,포트메리온 보타닉 가든 스퀘어 서빙세트 5p,포트메리온 보타닉 가든 스퀘어 서빙세트 5p - 포트메리온 볼 제품입니다.,in stock,new,128800 KRW,59000 KRW,https://mkt.shopping.naver.com/link/6a9ca95ccc78491a7acb56e6,https://shop1.phinf.naver.net/20260609_7/1780965689671gRCn8_JPEG/9001828530352724_942055678.jpg,포트메리온
